펀드명,펀드유형,설정일,펀드코드,운용보수,판매보수,수탁보수,사무관리보수,보수합계,유사유형평균보수율,기타비용,TER,선취수수료,후취수수료,매매중개수수료율
교보악사파워K-주주가치액티브증권상장지수투자신탁[주식],주식형,2024-09-23,K55207EE5208,0.35,0.025,0.015,0.015,0.405,0.4191,0.07,0.47,0,0,0.1009
교보악사파워K100증권상장지수투자신탁[주식],주식형,2011-04-28,KR5207A24857,0.11,0.01,0.01,0.025,0.155,0.4191,0.02,0.18,0,0,0.0232
교보악사파워K200증권상장지수투자신탁(주식),주식형,2012-02-10,KR5207A82418,0.1,0.01,0.01,0.025,0.145,0.4191,0.02,0.17,0,0,0.0081
교보악사파워고배당저변동성증권상장지수투자신탁[주식],주식형,2014-02-19,KR5207AN0410,0.17,0.01,0.02,0.03,0.23,0.4191,0.02,0.25,0,0,0.0981
교보악사파워종합채권(AA-이상)액티브증권상장지수투자신탁[채권],채권형,2024-11-25,K55207EF7450,0.025,0.001,0.005,0.005,0.036,0.1248,0.02,0.06,0,0,0.0236
대신DAISHINAI반도체&인프라액티브증권상장지수투자신탁[주식],주식형,2024-06-17,K55203EA9349,0.31,0.01,0.02,0.02,0.36,0.4191,0.05,0.41,0,0,0.0935
대신DAISHINK200증권상장지수투자신탁[주식],주식형,2022-06-27,K55203DT1106,0.07,0.01,0.01,0.01,0.1,0.4191,0.04,0.14,0,0,0.0121
대신DAISHIN금융&지주고배당증권상장지수투자신탁[주식],주식형,2026-06-08,K55203ET6310,0.2,0.01,0.015,0.015,0.24,0.4191,0.02,0.26,0,0,0.0047
대신DAISHIN오피스리츠플러스부동산상장지수투자신탁[재간접형],부동산,2026-03-30,K55203EP7502,0.15,0.01,0.015,0.015,0.19,0.5799,0.09,0.28,0,0,0.0172
더제이더제이중소형포커스액티브증권상장지수투자신탁[주식],주식형,2025-07-21,K553H6EK8245,0.6,0.05,0.02,0.015,0.685,0.4191,0.14,0.82,0,0,0.215
DB마이티200TotalReturn증권상장지수투자신탁[주식],주식형,2025-10-24,K55216EP3761,0.029,0.001,0.01,0.01,0.05,0.4191,0.04,0.09,0,0,0.0121
DB마이티26-09특수채(AAA)액티브증권상장지수투자신탁[채권],채권형,2023-09-18,K55216E57284,0.049,0.001,0.005,0.005,0.06,0.1248,0.02,0.08,0,0,0.0007
DB마이티5월만기자동연장특수채(AAA)액티브증권상장지수투자신탁[채권],채권형,2026-06-01,K55216EV7079,0.049,0.001,0.005,0.005,0.06,0.1248,0.01,0.07,0,0,0.0007
DB마이티AI데이터센터밸류체인증권상장지수투자신탁[주식],주식형,2026-08-03,K55216EX5527,0.3,0.03,0.02,0.015,0.365,0.4191,0,0.37,0,0,0.0008
DB마이티K100증권상장지수투자신탁[주식],주식형,2012-07-04,KR5216AB3979,0.3,0.04,0.02,0.015,0.375,0.4191,0.01,0.39,0,0,0.0165
DB마이티다이나믹퀀트액티브증권상장지수투자신탁[주식],주식형,2022-10-24,K55216DW2765,0.23,0.03,0.02,0.015,0.295,0.4191,0.01,0.31,0,0,0.0382
DB마이티바이오시밀러&CDMO액티브증권상장지수투자신탁[주식],주식형,2024-12-20,K55216EG6021,0.7,0.05,0.04,0.015,0.805,0.4191,0.06,0.87,0,0,0.1147
디에스DS코스닥액티브증권상장지수투자신탁[주식],주식형,2026-07-13,K553F0EX3712,0.94,0.01,0.03,0.02,1,0.4191,0.01,1.01,0,0,0.108
마이다스MIDAS바이오헬스케어액티브증권상장지수투자신탁(주식),주식형,2026-07-27,K55303EX5786,0.57,0.01,0.02,0.02,0.62,0.4191,0,0.62,0,0,0.0165
마이다스MIDAS일본테크액티브증권상장지수투자신탁(주식),주식형,2024-08-02,K55303EC8553,0.59,0.01,0.03,0.02,0.65,0.4191,0.25,0.9,0,0,0.1043
마이다스MIDAS중소형액티브증권상장지수투자신탁(주식),주식형,2022-08-16,K55303DW3692,0.57,0.01,0.02,0.02,0.62,0.4191,0.05,0.67,0,0,0.0039
마이다스MIDAS코스닥액티브증권상장지수투자신탁(주식),주식형,2026-05-18,K55303EV2413,0.57,0.01,0.02,0.02,0.62,0.4191,0.01,0.63,0,0,0.0147
마이다스MIDAS코스피액티브증권상장지수투자신탁(주식),주식형,2021-10-12,K55303DM7976,0.24,0.01,0.02,0.02,0.29,0.4191,0.02,0.31,0,0,0.0467
미래에셋TIGER LG그룹+증권상장지수투자신탁[주식],주식형,2011-03-09,KR5225A04026,0.112,0.001,0.012,0.025,0.15,0.4191,0.05,0.2,0,0,0.1891
미래에셋TIGER 게임TOP10증권상장지수투자신탁(주식),주식형,2020-10-06,K55301DA5588,0.359,0.001,0.02,0.02,0.4,0.4191,0.04,0.44,0,0,0.0498
미래에셋TIGER 미국배당다우존스타겟커버드콜1호증권상장지수투자신탁(주식-파생형),주식파생형,2023-06-16,K55301E27642,0.349,0.001,0.02,0.02,0.39,0.3342,0.08,0.47,0,0,0.1142
미래에셋TIGER12월만기자동연장금융채(AA-이상)액티브증권상장지수투자신탁(채권),채권형,2025-12-08,K55301EP6638,0.089,0.001,0.005,0.005,0.1,0.1248,0.01,0.11,0,0,0.0112
미래에셋TIGER200IT레버리지증권상장지수투자신탁(주식-파생형),주식파생형,2016-05-12,K55301BD4689,0.629,0.001,0.03,0.03,0.69,0.3342,0.03,0.72,0,0,1.4157
미래에셋TIGER200IT증권상장지수투자신탁(주식),주식형,2011-04-05,KR5225A18067,0.339,0.001,0.03,0.03,0.4,0.4191,0.03,0.43,0,0,0.0581
미래에셋TIGER200TotalReturn증권상장지수투자신탁(주식),주식형,2018-11-19,K55301CG5203,0.069,0.001,0.01,0.01,0.09,0.4191,0.03,0.12,0,0,0.0244
미래에셋TIGER200건설증권상장지수투자신탁(주식),주식형,2011-04-05,KR5225A18018,0.339,0.001,0.03,0.03,0.4,0.4191,0.03,0.43,0,0,0.0609
미래에셋TIGER200경기소비재증권상장지수투자신탁(주식),주식형,2011-04-05,KR5225A18026,0.339,0.001,0.03,0.03,0.4,0.4191,0.04,0.44,0,0,0.0378
미래에셋TIGER200금융증권상장지수투자신탁(주식),주식형,2011-04-05,KR5225A18034,0.339,0.001,0.03,0.03,0.4,0.4191,0.04,0.44,0,0,0.0104
미래에셋TIGER200동일가중증권상장지수투자신탁(주식),주식형,2016-09-19,K55301BG7119,0.209,0.001,0.02,0.02,0.25,0.4191,0.03,0.28,0,0,0.1049
미래에셋TIGER200산업재증권상장지수투자신탁(주식),주식형,2015-09-22,K55301B69905,0.339,0.001,0.03,0.03,0.4,0.4191,0.04,0.44,0,0,0.0166
미래에셋TIGER200생활소비재증권상장지수투자신탁(주식),주식형,2015-09-22,K55301B69913,0.339,0.001,0.03,0.03,0.4,0.4191,0.04,0.44,0,0,0.0098
미래에셋TIGER200선물레버리지증권상장지수투자신탁(주식-파생형),주식파생형,2017-04-24,K55301BO0239,0.001,0.001,0.01,0.01,0.022,0.3342,0.02,0.04,0,0,0.3042
미래에셋TIGER200선물인버스2X증권상장지수투자신탁(주식-파생형),주식파생형,2016-09-21,K55301BH0360,0.001,0.001,0.01,0.01,0.022,0.3342,0.12,0.14,0,0,0.5328
미래에셋TIGER200에너지화학레버리지증권상장지수투자신탁(주식-파생형),주식파생형,2016-05-12,K55301BD4697,0.629,0.001,0.03,0.03,0.69,0.3342,0.04,0.73,0,0,0.7158
미래에셋TIGER200에너지화학증권상장지수투자신탁(주식),주식형,2011-04-05,KR5225A18042,0.339,0.001,0.03,0.03,0.4,0.4191,0.04,0.44,0,0,0.026
미래에셋TIGER200중공업증권상장지수투자신탁(주식),주식형,2011-04-05,KR5225A18083,0.339,0.001,0.03,0.03,0.4,0.4191,0.03,0.43,0,0,0.0321
미래에셋TIGER200증권상장지수투자신탁(주식),주식형,2008-04-02,KR5225812712,0.029,0.001,0.01,0.01,0.05,0.4191,0.02,0.07,0,0,0.0146
미래에셋TIGER200철강소재증권상장지수투자신탁(주식),주식형,2011-04-05,KR5225A18091,0.339,0.001,0.03,0.03,0.4,0.4191,0.04,0.44,0,0,0.0333
미래에셋TIGER200커뮤니케이션서비스증권상장지수투자신탁(주식),주식형,2019-01-14,K55301CI8700,0.339,0.001,0.03,0.03,0.4,0.4191,0.04,0.44,0,0,0.0287
미래에셋TIGER200커버드콜OTM증권상장지수투자신탁(주식-파생형),주식파생형,2012-10-24,KR5301AC6688,0.319,0.001,0.03,0.03,0.38,0.3342,0.02,0.4,0,0,0.2403
미래에셋TIGER200커버드콜증권상장지수투자신탁(주식-파생형),주식파생형,2018-02-08,K55301C25806,0.319,0.001,0.03,0.03,0.38,0.3342,0.04,0.42,0,0,0.2945
미래에셋TIGER200타겟위클리커버드콜증권상장지수투자신탁(주식),주식형,2025-09-19,K55301EN6416,0.209,0.001,0.02,0.02,0.25,0.4191,0.03,0.28,0,0,0.0525
미래에셋TIGER200헬스케어증권상장지수투자신탁(주식),주식형,2015-09-22,K55301B69897,0.339,0.001,0.03,0.03,0.4,0.4191,0.04,0.44,0,0,0.0509
미래에셋TIGER27-04회사채(A+이상)액티브증권상장지수투자신탁(채권),채권형,2024-04-17,K55301E99955,0.089,0.001,0.005,0.005,0.1,0.1248,0.01,0.11,0,0,0.0106
미래에셋TIGER28-04회사채(A+이상)액티브증권상장지수투자신탁(채권),채권형,2025-08-22,K55301EM5013,0.089,0.001,0.005,0.005,0.1,0.1248,0.02,0.12,0,0,0.0123
미래에셋TIGER2차전지TOP10레버리지증권상장지수투자신탁(주식-파생형),주식파생형,2021-12-14,K55301DN9130,0.249,0.001,0.02,0.02,0.29,0.3342,0.05,0.34,0,0,1.0262
미래에셋TIGER2차전지TOP10증권상장지수투자신탁(주식),주식형,2020-10-06,K55301DA5554,0.359,0.001,0.02,0.02,0.4,0.4191,0.03,0.43,0,0,0.0582
미래에셋TIGER2차전지소재Fn증권상장지수투자신탁(주식),주식형,2023-07-12,K55301E34416,0.349,0.001,0.02,0.02,0.39,0.4191,0.06,0.45,0,0,0.0542
미래에셋TIGER2차전지테마증권상장지수투자신탁(주식),주식형,2018-09-11,K55301CC8524,0.439,0.001,0.03,0.03,0.5,0.4191,0.05,0.55,0,0,0.0511
미래에셋TIGERAI반도체핵심공정증권상장지수투자신탁(주식),주식형,2023-11-20,K55301E68273,0.409,0.001,0.02,0.02,0.45,0.4191,0.06,0.51,0,0,0.2237
미래에셋TIGERAI코리아그로스액티브증권상장지수투자신탁(주식),주식형,2020-09-28,K55301D98900,0.33,0.03,0.02,0.02,0.4,0.4191,0.01,0.41,0,0,0.0916
미래에셋TIGERBBIG레버리지증권상장지수투자신탁(주식-파생형),주식파생형,2021-12-14,K55301DN9403,0.549,0.001,0.02,0.02,0.59,0.3342,0.06,0.65,0,0,0.6942
미래에셋TIGERBBIG증권상장지수투자신탁(주식),주식형,2020-10-06,K55301DA5547,0.359,0.001,0.02,0.02,0.4,0.4191,0.04,0.44,0,0,0.088
미래에셋TIGERCD1년금리액티브증권상장지수투자신탁(채권혼합-파생형)(합성),혼합채권파생형,2024-02-01,K55301E85343,0.0008,0.001,0.005,0.003,0.0098,0.3342,0.01,0.02,0,0,0.0049
미래에셋TIGERCD금리투자KIS특별자산상장지수투자신탁(CD-파생형)(합성),특별자산파생,2020-07-06,K55301D61007,0.019,0.001,0.005,0.005,0.03,0.3342,0.02,0.05,0,0,0.0043
미래에셋TIGERCD금리플러스액티브증권상장지수투자신탁(채권혼합-파생형)(합성),혼합채권파생형,2024-12-11,K55301EF8008,0.0008,0.001,0.005,0.003,0.0098,0.3342,0.02,0.03,0,0,0.0028
미래에셋TIGERFn메타버스증권상장지수투자신탁(주식),주식형,2021-10-12,K55301DM9925,0.409,0.001,0.02,0.02,0.45,0.4191,0.06,0.51,0,0,0.0622
미래에셋TIGERFn신재생에너지증권상장지수투자신탁(주식),주식형,2021-03-04,K55301DE7374,0.459,0.001,0.02,0.02,0.5,0.4191,0.06,0.56,0,0,0.0665
미래에셋TIGERKEDI혁신기업ESG30증권상장지수투자신탁(주식),주식형,2022-02-07,K55301DQ0219,0.459,0.001,0.02,0.02,0.5,0.4191,0.08,0.58,0,0,0.135
미래에셋TIGERKOFR금리액티브증권상장지수투자신탁(채권혼합-파생형)(합성),혼합채권파생형,2022-11-28,K55301DY1209,0.019,0.001,0.005,0.005,0.03,0.3342,0.01,0.04,0,0,0.0054
미래에셋TIGERKRX300증권상장지수투자신탁(주식),주식형,2018-03-23,K55301C47735,0.069,0.001,0.01,0.01,0.09,0.4191,0.03,0.12,0,0,0.019
미래에셋TIGERKRX금현물특별자산상장지수투자신탁(금),특별자산,2025-06-20,K55301EI4806,0.109,0.001,0.02,0.02,0.15,0.5335,0.12,0.27,0,0,0.2656
미래에셋TIGERKRX기후변화솔루션증권상장지수투자신탁(주식),주식형,2021-10-28,K55301DN6458,0.069,0.001,0.01,0.01,0.09,0.4191,0.06,0.15,0,0,0.1527
미래에셋TIGERKTOP30증권상장지수투자신탁(주식),주식형,2015-10-13,K55301B73618,0.209,0.001,0.02,0.02,0.25,0.4191,0.03,0.28,0,0,0.0466
미래에셋TIGERK게임증권상장지수투자신탁(주식),주식형,2018-07-23,K55301CB3302,0.439,0.001,0.03,0.03,0.5,0.4191,0.05,0.55,0,0,0.0542
미래에셋TIGERK방산&우주증권상장지수투자신탁(주식),주식형,2023-07-24,K55301E34424,0.409,0.001,0.02,0.02,0.45,0.4191,0.06,0.51,0,0,0.0615
미래에셋TIGERMKF배당귀족증권상장지수투자신탁(주식),주식형,2022-10-17,K55301DX5334,0.179,0.001,0.01,0.01,0.2,0.4191,0.06,0.26,0,0,0.1335
미래에셋TIGERMSCIEM레버리지증권상장지수투자신탁(주식혼합-파생형)(합성 H),혼합주식파생형,2015-07-27,K55301B52703,0.519,0.001,0.03,0.03,0.58,0.3342,0.06,0.64,0,0,0.0312
미래에셋TIGERMSCIKOREAESG리더스증권상장지수투자신탁(주식),주식형,2018-02-06,K55301C21037,0.349,0.001,0.02,0.03,0.4,0.4191,0.05,0.45,0,0,0.0855
미래에셋TIGERMSCIKOREAESG유니버설증권상장지수투자신탁(주식),주식형,2018-02-06,K55301C21029,0.349,0.001,0.02,0.03,0.4,0.4191,0.06,0.46,0,0,0.1037
미래에셋TIGERMSCIKOREATotalReturn증권상장지수투자신탁(주식),주식형,2018-11-19,K55301CG5815,0.099,0.001,0.01,0.01,0.12,0.4191,0.04,0.16,0,0,0.0143
미래에셋TIGERMSCIUS리츠부동산상장지수투자신탁(파생형)(합성 H),부동산파생형,2013-10-08,KR5301AJ8059,0.194,0.001,0.025,0.02,0.24,0.3342,0.13,0.37,0,0,0.0658
미래에셋TIGERNVDA-UST커버드콜증권상장지수투자신탁(채권혼합-파생재간접형)(합성),재간접파생형,2024-12-16,K55301EG5219,0.349,0.001,0.02,0.02,0.39,0.3342,0.08,0.47,0,0,0.0041
미래에셋TIGERS&P500레버리지증권상장지수투자신탁(주식혼합-파생형)(합성 H),혼합주식파생형,2015-07-27,K55301B52687,0.209,0.001,0.02,0.02,0.25,0.3342,0.06,0.31,0,0,0.0145
미래에셋TIGERS&P500선물증권상장지수투자신탁(주식-파생형)(H),주식파생형,2011-07-15,KR5225A46688,0.229,0.001,0.03,0.04,0.3,0.3342,0.06,0.36,0,0,0.0174
미래에셋TIGERS&P500인버스선물증권상장지수투자신탁(주식-파생형)(H),주식파생형,2015-07-27,K55301B52679,0.519,0.001,0.03,0.04,0.59,0.3342,0.1,0.69,0,0,0.0852
미래에셋TIGERS&P글로벌인프라증권상장지수투자신탁(주식-파생형)(합성),주식파생형,2017-05-15,K55301BO5469,0.344,0.001,0.025,0.03,0.4,0.3342,0.06,0.46,0,0,0.0027
미래에셋TIGERSK하이닉스단일종목레버리지증권상장지수투자신탁(주식-파생형),주식파생형,2026-05-26,K55301EV7497,0.0741,0.001,0.01,0.005,0.0901,0.3342,0.02,0.11,0,0,0.6385
미래에셋TIGERTSMC파운드리밸류체인증권상장지수투자신탁(주식),주식형,2023-03-30,K55301E05523,0.439,0.001,0.025,0.025,0.49,0.4191,0.12,0.61,0,0,0.1027
미래에셋TIGER경기방어증권상장지수투자신탁(주식),주식형,2011-04-05,KR5225A18109,0.339,0.001,0.03,0.03,0.4,0.4191,0.02,0.42,0,0,0.0158
미래에셋TIGER경기방어혼합증권상장지수투자신탁(채권혼합),혼합채권형,2016-01-26,K55301BA0110,0.179,0.001,0.01,0.01,0.2,0.4671,0.04,0.24,0,0,0.0135
미래에셋TIGER골드선물특별자산상장지수투자신탁[금-파생형](H),특별자산파생,2019-04-08,K55301CM5189,0.349,0.001,0.02,0.02,0.39,0.3342,0.05,0.44,0,0,0.0277
미래에셋TIGER구글밸류체인증권상장지수투자신탁(주식),주식형,2026-05-08,K55301ER7782,0.409,0.001,0.02,0.02,0.45,0.4191,0.04,0.49,0,0,0.2233
미래에셋TIGER구리실물특별자산상장지수투자신탁(금속),특별자산,2012-12-14,KR5301AB9295,0.749,0.001,0.05,0.03,0.83,0.5335,0.09,0.92,0,0,0.2144
미래에셋TIGER국고채30년스트립액티브증권상장지수투자신탁(채권),채권형,2023-01-27,K55301DZ7882,0.139,0.001,0.005,0.005,0.15,0.1248,0.03,0.18,0,0,0.0007
미래에셋TIGER국채3증권상장지수투자신탁(채권),채권형,2009-08-21,KR5225151061,0.124,0.001,0.01,0.015,0.15,0.1248,0.02,0.17,0,0,0.0054
미래에셋TIGER글로벌AI&로보틱스INDXX증권상장지수투자신탁(주식),주식형,2023-08-16,K55301E40645,0.449,0.001,0.02,0.02,0.49,0.4191,0.06,0.55,0,0,0.109
미래에셋TIGER글로벌AI사이버보안INDXX증권상장지수투자신탁(주식),주식형,2022-02-18,K55301DQ2231,0.439,0.001,0.025,0.025,0.49,0.4191,0.06,0.55,0,0,0.1284
미래에셋TIGER글로벌AI액티브증권상장지수투자신탁(주식),주식형,2023-10-10,K55301E58613,0.73,0.01,0.03,0.02,0.79,0.4191,0.06,0.85,0,0,0.6952
미래에셋TIGER글로벌AI전력인프라액티브증권상장지수투자신탁(주식),주식형,2024-09-09,K55301EE3190,0.43,0.01,0.03,0.02,0.49,0.4191,0.06,0.55,0,0,0.3223
미래에셋TIGER글로벌AI플랫폼액티브증권상장지수투자신탁(주식),주식형,2021-12-20,K55301DP1325,0.73,0.0101,0.025,0.025,0.7901,0.4191,0.07,0.86,0,0,0.3986
미래에셋TIGER글로벌리튬&2차전지SOLACTIVE증권상장지수투자신탁(주식-파생형)(합성),주식파생형,2021-07-16,K55301DJ6520,0.439,0.001,0.025,0.025,0.49,0.3342,0.06,0.55,0,0,0.0066
미래에셋TIGER글로벌멀티에셋TIF액티브증권상장지수투자신탁(채권혼합),혼합채권형,2022-08-26,K55301DW0591,0.5,0.01,0.02,0.02,0.55,0.4671,0.12,0.67,0,0,0.1076
미래에셋TIGER글로벌비만치료제TOP2PlusINDXX증권상장지수투자신탁(주식),주식형,2024-02-28,K55301E88149,0.409,0.001,0.02,0.02,0.45,0.4191,0.07,0.52,0,0,0.1167
미래에셋TIGER글로벌온디바이스AI증권상장지수투자신탁(주식),주식형,2024-04-12,K55301E97694,0.449,0.001,0.02,0.02,0.49,0.4191,0.09,0.58,0,0,0.104
미래에셋TIGER글로벌이노베이션액티브증권상장지수투자신탁(주식-재간접형),재간접형,2021-05-24,K55301DH6423,0.5,0.01,0.02,0.02,0.55,0.7055,0.04,0.59,0,0,0.5482
미래에셋TIGER글로벌자율주행&전기차SOLACTIVE증권상장지수투자신탁(주식-파생형),주식파생형,2021-07-16,K55301DJ6538,0.439,0.001,0.025,0.025,0.49,0.3342,0.06,0.55,0,0,0.0437
미래에셋TIGER글로벌클라우드컴퓨팅INDXX증권상장지수투자신탁(주식-파생형),주식파생형,2020-12-03,K55301DC7616,0.439,0.001,0.025,0.025,0.49,0.3342,0.08,0.57,0,0,0.073
미래에셋TIGER글로벌헬스케어증권상장지수투자신탁(주식-파생형)(합성),주식파생형,2016-06-29,K55301BE6980,0.344,0.001,0.025,0.03,0.4,0.3342,0.06,0.46,0,0,0.0211
미래에셋TIGER글로벌혁신블루칩TOP10증권상장지수투자신탁(주식),주식형,2023-08-25,K55301E40066,0.449,0.001,0.02,0.02,0.49,0.4191,0.06,0.55,0,0,0.1049
미래에셋TIGER금은선물특별자산상장지수투자신탁(금속-파생형)(H),특별자산파생,2011-04-07,KR5225A17119,0.629,0.001,0.03,0.03,0.69,0.3342,0.06,0.75,0,0,0.0765
미래에셋TIGER기술이전바이오액티브증권상장지수투자신탁(주식),주식형,2026-03-16,K55301EQ3782,0.469,0.001,0.015,0.015,0.5,0.4191,0.01,0.51,0,0,0.0633
미래에셋TIGER나스닥바이오증권상장지수투자신탁(주식),주식형,2014-08-26,KR5301AT7943,0.229,0.001,0.03,0.04,0.3,0.4191,0.46,0.76,0,0,0.1103
미래에셋TIGER농산물선물특별자산상장지수투자신탁(농산물-파생형)(H),특별자산파생,2011-01-10,KR5225987118,0.629,0.001,0.03,0.03,0.69,0.3342,0.06,0.75,0,0,0.0774
미래에셋TIGER단기선진국하이일드증권상장지수투자신탁(채권-파생형)(합성 H),채권파생형,2014-03-21,KR5301AK4675,0.194,0.001,0.025,0.02,0.24,0.3342,0.05,0.29,0,0,0.0026
미래에셋TIGER단기채권액티브증권상장지수투자신탁(채권),채권형,2017-06-28,K55301BR4790,0.059,0.001,0.005,0.005,0.07,0.1248,0.02,0.09,0,0,0.01
미래에셋TIGER단기통안채증권상장지수투자신탁(채권),채권형,2012-05-15,KR5301AA4834,0.069,0.001,0.01,0.01,0.09,0.1248,0.02,0.11,0,0,0.0057
미래에셋TIGER라틴증권상장지수투자신탁(주식),주식형,2008-08-26,KR5225844749,0.399,0.001,0.05,0.04,0.49,0.4191,0.19,0.68,0,0,0.0757
미래에셋TIGER레버리지증권상장지수투자신탁[주식-파생형],주식파생형,2010-04-08,KR5225220155,0.001,0.001,0.01,0.01,0.022,0.3342,0.02,0.04,0,0,1.1487
미래에셋TIGER로우볼증권상장지수투자신탁(주식),주식형,2013-06-19,KR5301AH8119,0.349,0.001,0.02,0.03,0.4,0.4191,0.06,0.46,0,0,0.1363
미래에셋TIGER리츠부동산인프라TOP10액티브부동산상장지수투자신탁(재간접형),부동산,2025-07-28,K55301EL4868,0.039,0.001,0.01,0.01,0.06,0.5799,0.06,0.12,0,0,0.0263
미래에셋TIGER리츠부동산인프라채권부동산상장지수투자신탁(재간접형),부동산,2020-05-21,K55301CY0731,0.199,0.001,0.01,0.01,0.22,0.5799,0.04,0.26,0,0,0.0286
미래에셋TIGER리츠부동산인프라혼합자산상장지수투자신탁(재간접형),혼합자산,2019-07-18,K55301CS7395,0.054,0.001,0.015,0.01,0.08,0.5407,0.04,0.12,0,0,0.0212
미래에셋TIGER리츠인프라10채권액티브증권상장지수투자신탁(채권혼합-재간접형),재간접형,2025-07-28,K55301EL7275,0.129,0.001,0.01,0.01,0.15,0.7055,0.06,0.21,0,0,0.0313
미래에셋TIGER머니마켓액티브증권상장지수투자신탁(채권),채권형,2025-04-16,K55301EI2420,0.029,0.001,0.005,0.005,0.04,0.1248,0.01,0.05,0,0,0.0044
미래에셋TIGER모닝스타글로벌4차산업혁신기술증권상장지수투자신탁(주식-파생형)(합성H),주식파생형,2017-07-28,K55301BS2819,0.344,0.001,0.025,0.03,0.4,0.3342,0.1,0.5,0,0,0.0405
미래에셋TIGER모닝스타글로벌자원생산기업증권상장지수투자신탁(주식-파생형)(합성H),주식파생형,2017-07-28,K55301BS2827,0.344,0.001,0.025,0.03,0.4,0.3342,0.09,0.49,0,0,0.001
미래에셋TIGER모멘텀증권상장지수투자신탁[주식],주식형,2011-10-25,KR5225A65191,0.229,0.001,0.03,0.03,0.29,0.4191,0.05,0.34,0,0,0.4351
미래에셋TIGER미국30년국채스트립액티브증권상장지수투자신탁(채권-파생형)(합성H),채권파생형,2023-05-25,K55301E15670,0.109,0.001,0.02,0.02,0.15,0.3342,0.05,0.2,0,0,0.0139
미래에셋TIGER미국30년국채커버드콜액티브증권상장지수투자신탁(채권-재간접형)(H),재간접형,2024-02-23,K55301E88107,0.349,0.001,0.02,0.02,0.39,0.7055,0.08,0.47,0,0,0.3084
미래에셋TIGER미국AI데이터센터TOP4Plus증권상장지수투자신탁(주식),주식형,2025-12-05,K55301EQ2982,0.449,0.001,0.02,0.02,0.49,0.4191,0.06,0.55,0,0,0.2558
미래에셋TIGER미국AI반도체팹리스증권상장지수투자신탁(주식),주식형,2024-09-20,K55301EE2671,0.449,0.001,0.02,0.02,0.49,0.4191,0.08,0.57,0,0,0.2865
미래에셋TIGER미국AI빅테크10증권상장지수투자신탁(주식),주식형,2024-08-23,K55301ED3241,0.259,0.001,0.02,0.02,0.3,0.4191,0.07,0.37,0,0,0.0999
미래에셋TIGER미국AI빅테크10타겟데일리커버드콜증권상장지수투자신탁(주식),주식형,2024-10-11,K55301ED3282,0.209,0.001,0.02,0.02,0.25,0.4191,0.08,0.33,0,0,0.1513
미래에셋TIGER미국AI소프트웨어TOP4Plus증권상장지수투자신탁(주식),주식형,2025-09-05,K55301EM5526,0.449,0.001,0.02,0.02,0.49,0.4191,0.08,0.57,0,0,0.3131
미래에셋TIGER미국AI전력SMR증권상장지수투자신탁(주식),주식형,2025-10-31,K55301EO8635,0.449,0.001,0.02,0.02,0.49,0.4191,0.06,0.55,0,0,0.2674
미래에셋TIGER미국S&P500동일가중증권상장지수투자신탁(주식),주식형,2024-07-22,K55301EC3069,0.159,0.001,0.02,0.02,0.2,0.4191,0.12,0.32,0,0,0.0972
미래에셋TIGER미국S&P500배당귀족증권상장지수투자신탁(주식),주식형,2022-05-16,K55301DS7063,0.209,0.001,0.02,0.02,0.25,0.4191,0.08,0.33,0,0,0.0859
미래에셋TIGER미국S&P500증권상장지수투자신탁(주식),주식형,2020-08-06,K55301D79199,0.0002,0.0001,0.005,0.0015,0.0068,0.4191,0.06,0.06,0,0,0.0372
미래에셋TIGER미국S&P500증권상장지수투자신탁(주식-파생형)(H),주식파생형,2022-11-23,K55301DY6612,0.05,0.001,0.01,0.009,0.07,0.3342,0.09,0.16,0,0,0.0821
미래에셋TIGER미국S&P500타겟데일리커버드콜증권상장지수투자신탁(주식),주식형,2024-05-20,K55301EB0231,0.209,0.001,0.02,0.02,0.25,0.4191,0.07,0.32,0,0,0.1113
미래에셋TIGER미국나스닥100레버리지증권상장지수투자신탁(주식혼합-파생형)(합성),혼합주식파생형,2022-02-18,K55301DQ3577,0.209,0.001,0.02,0.02,0.25,0.3342,0.09,0.34,0,0,0.0187
미래에셋TIGER미국나스닥100증권상장지수투자신탁(주식),주식형,2010-10-15,KR5225652084,0.0002,0.0001,0.005,0.0015,0.0068,0.4191,0.09,0.1,0,0,0.0451
미래에셋TIGER미국나스닥100증권상장지수투자신탁(주식-파생형)(H),주식파생형,2022-11-23,K55301DY5762,0.05,0.001,0.01,0.009,0.07,0.3342,0.11,0.18,0,0,0.1135
미래에셋TIGER미국나스닥100채권혼합50증권상장지수투자신탁(채권혼합),혼합채권형,2022-07-01,K55301DU4926,0.229,0.001,0.01,0.01,0.25,0.4671,0.11,0.36,0,0,0.0304
미래에셋TIGER미국나스닥100커버드콜증권상장지수투자신탁(주식-파생형)(합성),주식파생형,2022-09-20,K55301DX0400,0.329,0.001,0.02,0.02,0.37,0.3342,0.1,0.47,0,0,0.0223
미래에셋TIGER미국나스닥100타겟데일리커버드콜증권상장지수투자신탁(주식),주식형,2024-06-21,K55301EB5578,0.209,0.001,0.02,0.02,0.25,0.4191,0.09,0.34,0,0,0.1163
미래에셋TIGER미국나스닥넥스트100증권상장지수투자신탁(주식),주식형,2022-05-16,K55301DT2428,0.449,0.001,0.02,0.02,0.49,0.4191,0.19,0.68,0,0,0.0741
미래에셋TIGER미국다우존스30증권상장지수투자신탁(주식-파생형),주식파생형,2016-06-29,K55301BD8854,0.289,0.001,0.03,0.03,0.35,0.3342,0.08,0.43,0,0,0.0559
미래에셋TIGER미국달러SOFR금리액티브특별자산상장지수투자신탁(금리-파생형)(합성),특별자산파생,2023-05-04,K55301E17064,0.039,0.001,0.005,0.005,0.05,0.3342,0.03,0.08,0,0,0
미래에셋TIGER미국달러단기채권액티브증권상장지수투자신탁(채권-파생형),채권파생형,2019-07-22,K55301CR6349,0.249,0.001,0.025,0.025,0.3,0.3342,0.02,0.32,0,0,0.003
미래에셋TIGER미국달러선물레버리지특별자산상장지수투자신탁(달러-파생형),특별자산파생,2016-12-23,K55301BK2361,0.029,0.001,0.01,0.01,0.05,0.3342,0.03,0.08,0,0,0.2119
미래에셋TIGER미국달러선물인버스2X특별자산상장지수투자신탁(달러-파생형),특별자산파생,2016-12-23,K55301BK2346,0.029,0.001,0.01,0.01,0.05,0.3342,0.04,0.09,0,0,0.2312
미래에셋TIGER미국방산TOP10증권상장지수투자신탁(주식),주식형,2024-10-25,K55301EE9171,0.409,0.001,0.02,0.02,0.45,0.4191,0.11,0.56,0,0,0.2691
미래에셋TIGER미국배당다우존스증권상장지수투자신탁(주식),주식형,2023-06-16,K55301E27634,0.003,0.001,0.003,0.003,0.01,0.4191,0.05,0.06,0,0,0.0434
미래에셋TIGER미국배당다우존스타겟데일리커버드콜증권상장지수투자신탁(주식),주식형,2025-01-17,K55301EG7256,0.209,0.001,0.02,0.02,0.25,0.4191,0.07,0.32,0,0,0.1597
미래에셋TIGER미국배당다우존스타겟커버드콜2호증권상장지수투자신탁(주식-파생형),주식파생형,2023-06-16,K55301E27659,0.349,0.001,0.02,0.02,0.39,0.3342,0.06,0.45,0,0,0.1143
미래에셋TIGER미국소비트렌드액티브증권상장지수투자신탁(주식),주식형,2025-02-14,K55301EH0516,0.73,0.01,0.03,0.02,0.79,0.4191,0.21,1,0,0,0.2562
미래에셋TIGER미국우주테크증권상장지수투자신탁(주식),주식형,2026-04-10,K55301ES8102,0.449,0.001,0.02,0.02,0.49,0.4191,0.03,0.52,0,0,0.2933
미래에셋TIGER미국채10년선물증권상장지수투자신탁(채권-파생형),채권파생형,2018-08-28,K55301CD2872,0.249,0.001,0.02,0.02,0.29,0.3342,0.05,0.34,0,0,0.0347
미래에셋TIGER미국초단기(3개월이하)국채증권상장지수투자신탁(채권-재간접형),재간접형,2025-04-25,K55301EI9524,0.074,0.001,0.01,0.005,0.09,0.7055,0.05,0.14,0,0,0.0668
미래에셋TIGER미국캐시카우100증권상장지수투자신탁(주식),주식형,2023-09-15,K55301E49703,0.209,0.001,0.02,0.02,0.25,0.4191,0.21,0.46,0,0,0.3199
미래에셋TIGER미국테크NYSE100액티브증권상장지수투자신탁(주식),주식형,2026-07-20,K55301ES8151,0.739,0.001,0.03,0.02,0.79,0.4191,0.02,0.81,0,0,0.172
미래에셋TIGER미국테크TOP10INDXX증권상장지수투자신탁(주식),주식형,2021-04-08,K55301DG0369,0.439,0.001,0.025,0.025,0.49,0.4191,0.06,0.55,0,0,0.052
미래에셋TIGER미국테크TOP10INDXX증권상장지수투자신탁(주식)(H),주식형,2023-12-01,K55301E73182,0.439,0.001,0.025,0.025,0.49,0.4191,0.07,0.56,0,0,0.2226
미래에셋TIGER미국테크TOP10채권혼합증권상장지수투자신탁(채권혼합),혼합채권형,2023-12-01,K55301E70402,0.229,0.001,0.01,0.01,0.25,0.4671,0.08,0.33,0,0,0.0682
미래에셋TIGER미국테크TOP10타겟커버드콜증권상장지수투자신탁(주식-파생형),주식파생형,2024-01-12,K55301E79429,0.449,0.001,0.025,0.025,0.5,0.3342,0.09,0.59,0,0,0.0786
미래에셋TIGER미국투자등급회사채액티브증권상장지수투자신탁(채권)(H),채권형,2023-05-25,K55301E15696,0.099,0.001,0.02,0.02,0.14,0.1248,0.06,0.2,0,0,0.0203
미래에셋TIGER미국필라델피아AI반도체나스닥증권상장지수투자신탁(주식),주식형,2024-11-22,K55301EF4932,0.449,0.001,0.02,0.02,0.49,0.4191,0.11,0.6,0,0,0.1147
미래에셋TIGER미국필라델피아반도체나스닥증권상장지수투자신탁(주식),주식형,2021-04-08,K55301DF8777,0.439,0.001,0.025,0.025,0.49,0.4191,0.11,0.6,0,0,0.114
미래에셋TIGER미디어컨텐츠증권상장지수투자신탁(주식),주식형,2015-10-06,K55301B73741,0.439,0.001,0.03,0.03,0.5,0.4191,0.05,0.55,0,0,0.0703
미래에셋TIGER바이오TOP10증권상장지수투자신탁(주식),주식형,2020-10-06,K55301DA5562,0.359,0.001,0.02,0.02,0.4,0.4191,0.03,0.43,0,0,0.1048
미래에셋TIGER반도체TOP10레버리지증권상장지수투자신탁(주식-파생형),주식파생형,2024-07-22,K55301EC6161,0.449,0.001,0.02,0.02,0.49,0.3342,0.06,0.55,0,0,2.1738
미래에셋TIGER반도체TOP10증권상장지수투자신탁(주식),주식형,2021-08-09,K55301DL2400,0.409,0.001,0.02,0.02,0.45,0.4191,0.06,0.51,0,0,0.2996
미래에셋TIGER반도체TOP10커버드콜액티브증권상장지수투자신탁(주식-파생형),주식파생형,2026-04-17,K55301ES2840,0.409,0.001,0.02,0.02,0.45,0.3342,0.02,0.47,0,0,0.102
미래에셋TIGER반도체증권상장지수투자신탁(주식),주식형,2006-06-26,KR5225578230,0.399,0.001,0.03,0.03,0.46,0.4191,0.02,0.48,0,0,0.0837
미래에셋TIGER배당성장증권상장지수투자신탁(주식),주식형,2014-12-16,KR5301AX7368,0.114,0.001,0.01,0.025,0.15,0.4191,0.03,0.18,0,0,0.101
미래에셋TIGER배당커버드콜액티브증권상장지수투자신탁(주식),주식형,2023-12-11,K55301DY9046,0.45,0.01,0.02,0.02,0.5,0.4191,0.01,0.51,0,0,0.0908
미래에셋TIGER삼성그룹증권상장지수투자신탁(주식),주식형,2011-03-04,KR5225A01840,0.112,0.001,0.012,0.025,0.15,0.4191,0.05,0.2,0,0,0.0804
미래에셋TIGER삼성전자SK하이닉스미국채혼합50증권상장지수투자신탁(채권혼합),혼합채권형,2026-08-24,K55301EW2661,0.119,0.001,0.02,0.01,0.15,0.4671,0,0.15,0,0,0.0006
미래에셋TIGER삼성전자단일종목레버리지증권상장지수투자신탁(주식-파생형),주식파생형,2026-05-26,K55301EV7505,0.0741,0.001,0.01,0.005,0.0901,0.3342,0.02,0.11,0,0,0.5848
미래에셋TIGER소프트웨어증권상장지수투자신탁(주식),주식형,2012-05-15,KR5301AA1269,0.339,0.001,0.03,0.03,0.4,0.4191,0.05,0.45,0,0,0.0428
미래에셋TIGER여행레저증권상장지수투자신탁(주식),주식형,2015-10-06,K55301B73758,0.439,0.001,0.03,0.03,0.5,0.4191,0.05,0.55,0,0,0.0537
미래에셋TIGER우량가치증권상장지수투자신탁(주식),주식형,2015-09-22,K55301B69921,0.349,0.001,0.02,0.03,0.4,0.4191,0.06,0.46,0,0,0.166
미래에셋TIGER우량회사채액티브증권상장지수투자신탁(채권),채권형,2022-08-18,K55301DW0609,0.089,0.001,0.005,0.005,0.1,0.1248,0.02,0.12,0,0,0.0228
미래에셋TIGER우선주증권상장지수투자신탁(주식),주식형,2017-01-05,K55301BJ4477,0.239,0.001,0.02,0.03,0.29,0.4191,0.03,0.32,0,0,0.0378
미래에셋TIGER원유선물특별자산상장지수투자신탁(원유-파생형)(H),특별자산파생,2010-07-30,KR5225287949,0.629,0.001,0.03,0.03,0.69,0.3342,0.06,0.75,0,0,0.2327
미래에셋TIGER원유인버스선물특별자산상장지수투자신탁(원유-파생형)(H),특별자산파생,2015-04-28,K55301B17565,0.629,0.001,0.03,0.03,0.69,0.3342,0.06,0.75,0,0,0.274
미래에셋TIGER유로스탁스50레버리지증권상장지수투자신탁(주식혼합-파생형)(합성 H),혼합주식파생형,2015-07-27,K55301B52695,0.519,0.001,0.03,0.03,0.58,0.3342,0.07,0.65,0,0,0.0456
미래에셋TIGER유로스탁스50증권상장지수투자신탁(주식-파생형)(합성H),주식파생형,2014-04-29,KR5301AR6038,0.194,0.001,0.025,0.02,0.24,0.3342,0.08,0.32,0,0,0.0552
미래에셋TIGER유로스탁스배당30증권상장지수투자신탁(주식-파생형),주식파생형,2016-06-29,K55301BD8862,0.289,0.001,0.03,0.03,0.35,0.3342,0.1,0.45,0,0,0.0367
미래에셋TIGER은액티브특별자산상장지수투자신탁(은-재간접형),특별자산,2026-04-24,K55301ET0066,0.26,0.001,0.02,0.019,0.3,0.5335,0.02,0.32,0,0,0.1036
미래에셋TIGER은행고배당플러스TOP10증권상장지수투자신탁(주식),주식형,2023-10-16,K55301E61591,0.279,0.001,0.01,0.01,0.3,0.4191,0.06,0.36,0,0,0.0269
미래에셋TIGER은행증권상장지수투자신탁(주식),주식형,2006-06-26,KR5225578248,0.399,0.001,0.03,0.03,0.46,0.4191,0.02,0.48,0,0,0.029
미래에셋TIGER의료기기증권상장지수투자신탁(주식),주식형,2018-11-07,K55301CC2055,0.439,0.001,0.03,0.03,0.5,0.4191,0.06,0.56,0,0,0.0612
미래에셋TIGER인도니프티50증권상장지수투자신탁(주식-파생형),주식파생형,2023-04-12,K55301E05564,0.149,0.001,0.02,0.02,0.19,0.3342,0.14,0.33,0,0,0.0559
미래에셋TIGER인도레버리지증권상장지수투자신탁(주식혼합-파생형)(합성),혼합주식파생형,2016-05-11,K55301B96890,0.519,0.001,0.03,0.03,0.58,0.3342,0.12,0.7,0,0,0.0525
미래에셋TIGER인도빌리언컨슈머증권상장지수투자신탁(주식),주식형,2024-05-13,K55301E98973,0.449,0.001,0.02,0.02,0.49,0.4191,0.2,0.69,0,0,0.1077
미래에셋TIGER인버스증권상장지수투자신탁(주식-파생형),주식파생형,2010-03-26,KR5225220130,0.001,0.001,0.01,0.01,0.022,0.3342,0.03,0.06,0,0,0.2455
미래에셋TIGER인터넷TOP10증권상장지수투자신탁(주식),주식형,2020-10-06,K55301DA5570,0.359,0.001,0.02,0.02,0.4,0.4191,0.04,0.44,0,0,0.1076
미래에셋TIGER일본니케이225증권상장지수투자신탁(주식-파생형),주식파생형,2016-03-29,K55301BB3675,0.289,0.001,0.03,0.03,0.35,0.3342,0.06,0.41,0,0,0.0447
미래에셋TIGER일본반도체FACTSET증권상장지수투자신탁(주식),주식형,2023-09-15,K55301E49406,0.449,0.001,0.02,0.02,0.49,0.4191,0.14,0.63,0,0,0.1751
미래에셋TIGER일본엔선물특별자산상장지수투자신탁(엔-파생형),특별자산파생,2018-04-16,K55301C59425,0.209,0.001,0.02,0.02,0.25,0.3342,0.03,0.28,0,0,0.1732
미래에셋TIGER일본증권상장지수투자신탁(주식-파생형)(합성 H),주식파생형,2014-04-29,KR5301AR6046,0.194,0.001,0.025,0.02,0.24,0.3342,0.05,0.29,0,0,0.0036
미래에셋TIGER적격TDF2045증권상장지수투자신탁(주식혼합),혼합주식형,2025-03-21,K55301EH7354,0.169,0.001,0.01,0.01,0.19,1.0375,0.06,0.25,0,0,0.0909
미래에셋TIGER조선TOP10증권상장지수투자신탁(주식),주식형,2024-10-21,K55301EE9692,0.309,0.001,0.02,0.02,0.35,0.4191,0.06,0.41,0,0,0.0412
미래에셋TIGER종합채권(AA-이상)액티브증권상장지수투자신탁(채권),채권형,2023-01-27,K55301DZ7460,0.019,0.001,0.005,0.005,0.03,0.1248,0.02,0.05,0,0,0.0136
미래에셋TIGER중국소비테마증권상장지수투자신탁[주식],주식형,2011-12-15,KR5225A75083,0.439,0.001,0.03,0.03,0.5,0.4191,0.05,0.55,0,0,0.0824
미래에셋TIGER중기종합채권(A-이상)액티브증권상장지수투자신탁(채권형),채권형,2026-05-14,K55301EV0294,0.049,0.001,0.005,0.005,0.06,0.1248,0.01,0.07,0,0,0.0024
미래에셋TIGER중장기국채증권상장지수투자신탁(채권-파생형),채권파생형,2018-07-19,K55301CA9094,0.129,0.001,0.01,0.01,0.15,0.3342,0.02,0.17,0,0,0.0054
미래에셋TIGER증권증권상장지수투자신탁(주식),주식형,2012-05-15,KR5301AA1251,0.339,0.001,0.03,0.03,0.4,0.4191,0.05,0.45,0,0,0.0632
미래에셋TIGER지주회사증권상장지수투자신탁(주식),주식형,2018-11-07,K55301CC2063,0.439,0.001,0.03,0.03,0.5,0.4191,0.05,0.55,0,0,0.0479
미래에셋TIGER차이나AI소프트웨어증권상장지수투자신탁(주식),주식형,2025-06-13,K55301EK5932,0.439,0.001,0.025,0.025,0.49,0.4191,0.16,0.65,0,0,0.2054
미래에셋TIGER차이나CSI300레버리지증권상장지수투자신탁(주식혼합-파생재간접형)(합성),재간접파생형,2014-08-28,KR5301AU9086,0.519,0.001,0.03,0.03,0.58,0.3342,0.08,0.66,0,0,0.1117
미래에셋TIGER차이나CSI300인버스증권상장지수투자신탁(채권혼합-파생형)(합성),혼합채권파생형,2015-06-08,K55301B17573,0.519,0.001,0.03,0.03,0.58,0.3342,0.06,0.64,0,0,0.0328
미래에셋TIGER차이나CSI300증권상장지수자투자신탁(주식-파생형),주식파생형,2014-01-27,KR5301AL9756,0.539,0.001,0.05,0.04,0.63,0.3342,0.19,0.82,0,0,0.0553
미래에셋TIGER차이나HSCEI증권상장지수투자신탁(주식-파생형),주식파생형,2016-06-14,K55301BD8870,0.289,0.001,0.03,0.03,0.35,0.3342,0.23,0.58,0,0,0.0586
미래에셋TIGER차이나과창판STAR50증권상장지수투자신탁(주식-파생형)(합성),주식파생형,2022-01-11,K55301DG2696,0.059,0.001,0.02,0.01,0.09,0.3342,0.05,0.14,0,0,0.0145
미래에셋TIGER차이나글로벌리더스TOP3+증권상장지수투자신탁(주식),주식형,2025-06-13,K55301EL0767,0.439,0.001,0.025,0.025,0.49,0.4191,0.14,0.63,0,0,0.1304
미래에셋TIGER차이나바이오테크SOLACTIVE증권상장지수투자신탁(주식-파생형),주식파생형,2020-12-03,K55301DC7590,0.439,0.001,0.025,0.025,0.49,0.3342,0.13,0.62,0,0,0.1167
미래에셋TIGER차이나반도체FACTSET증권상장지수투자신탁(주식-파생형),주식파생형,2021-08-06,K55301DL2376,0.439,0.001,0.025,0.025,0.49,0.3342,0.09,0.58,0,0,0.2966
미래에셋TIGER차이나전기차SOLACTIVE증권상장지수투자신탁(주식-파생형),주식파생형,2020-12-03,K55301DC7608,0.439,0.001,0.025,0.025,0.49,0.3342,0.06,0.55,0,0,0.0911
미래에셋TIGER차이나전기차레버리지증권상장지수투자신탁(주식혼합-파생형)(합성),혼합주식파생형,2023-05-04,K55301E17478,0.539,0.001,0.02,0.02,0.58,0.3342,0.03,0.61,0,0,0.0299
미래에셋TIGER차이나증권상장지수투자신탁(주식),주식형,2009-10-20,KR5225874118,0.399,0.001,0.05,0.04,0.49,0.4191,0.21,0.7,0,0,0.1334
미래에셋TIGER차이나증권증권상장지수투자신탁(주식),주식형,2026-01-30,K55301EP6877,0.439,0.001,0.025,0.025,0.49,0.4191,0.14,0.63,0,0,0.1873
미래에셋TIGER차이나클린에너지SOLACTIVE증권상장지수투자신탁(주식-파생형),주식파생형,2021-08-06,K55301DL2350,0.439,0.001,0.025,0.025,0.49,0.3342,0.11,0.6,0,0,0.0691
미래에셋TIGER차이나테크TOP10증권상장지수투자신탁(주식),주식형,2025-05-09,K55301EJ2577,0.439,0.001,0.025,0.025,0.49,0.4191,0.09,0.58,0,0,0.1886
미래에셋TIGER차이나항셍테크레버리지증권상장지수투자신탁(주식혼합-파생형)(합성H),혼합주식파생형,2022-08-19,K55301DV8900,0.539,0.001,0.02,0.02,0.58,0.3342,0.11,0.69,0,0,0.1874
미래에셋TIGER차이나항셍테크증권상장지수투자신탁(주식),주식형,2020-12-14,K55301DC8499,0.059,0.001,0.02,0.01,0.09,0.4191,0.07,0.16,0,0,0.1176
미래에셋TIGER차이나휴머노이드로봇증권상장지수투자신탁(주식),주식형,2025-05-23,K55301EK0321,0.439,0.001,0.025,0.025,0.49,0.4191,0.11,0.6,0,0,0.2356
미래에셋TIGER코리아AI전력기기TOP3플러스증권상장지수투자신탁(주식),주식형,2025-10-20,K55301EO3131,0.369,0.001,0.015,0.015,0.4,0.4191,0.05,0.45,0,0,0.0575
미래에셋TIGER코리아TOP10증권상장지수투자신탁(주식),주식형,2018-03-29,K55301C47545,0.129,0.001,0.01,0.01,0.15,0.4191,0.04,0.19,0,0,0.1109
미래에셋TIGER코리아배당다우존스위클리커버드콜증권상장지수투자신탁(주식-파생형),주식파생형,2025-09-19,K55301EN6424,0.209,0.001,0.02,0.02,0.25,0.3342,0.04,0.29,0,0,0.1445
미래에셋TIGER코리아배당다우존스증권상장지수투자신탁(주식),주식형,2025-05-19,K55301EK1139,0.229,0.001,0.01,0.01,0.25,0.4191,0.05,0.3,0,0,0.1184
미래에셋TIGER코리아밸류업증권상장지수투자신탁(주식),주식형,2024-11-01,K55301EF9618,0.001,0.001,0.003,0.003,0.008,0.4191,0.02,0.02,0,0,0.1288
미래에셋TIGER코리아원자력증권상장지수투자신탁(주식),주식형,2025-08-18,K55301EM4685,0.469,0.001,0.015,0.015,0.5,0.4191,0.06,0.56,0,0,0.0862
미래에셋TIGER코리아테크액티브증권상장지수투자신탁(주식),주식형,2023-11-24,K55301E68232,0.72,0.01,0.02,0.02,0.77,0.4191,0.01,0.78,0,0,0.2886
미래에셋TIGER코리아휴머노이드로봇산업증권상장지수투자신탁(주식),주식형,2026-01-05,K55301EQ3394,0.469,0.001,0.015,0.015,0.5,0.4191,0.04,0.54,0,0,0.0397
미래에셋TIGER코스닥150IT증권상장지수투자신탁(주식),주식형,2016-12-14,K55301BJ7017,0.349,0.001,0.02,0.03,0.4,0.4191,0.03,0.43,0,0,0.0487
미래에셋TIGER코스닥150레버리지증권상장지수투자신탁(주식-파생형),주식파생형,2015-12-15,K55301B88376,0.279,0.001,0.02,0.02,0.32,0.3342,0.03,0.35,0,0,0.8856
미래에셋TIGER코스닥150바이오테크증권상장지수투자신탁(주식),주식형,2016-12-14,K55301BJ7009,0.349,0.001,0.02,0.03,0.4,0.4191,0.03,0.43,0,0,0.0563
미래에셋TIGER코스닥150인버스증권상장지수투자신탁(주식-파생형),주식파생형,2016-08-09,K55301BF1170,0.279,0.001,0.02,0.02,0.32,0.3342,0.04,0.36,0,0,0.2374
미래에셋TIGER코스닥150증권상장지수투자신탁(주식),주식형,2015-11-11,K55301B84235,0.149,0.001,0.02,0.02,0.19,0.4191,0.03,0.22,0,0,0.0541
미래에셋TIGER코스닥글로벌증권상장지수투자신탁(주식),주식형,2023-06-28,K55301E34366,0.129,0.001,0.01,0.01,0.15,0.4191,0.03,0.18,0,0,0.0458
미래에셋TIGER코스닥액티브증권상장지수투자신탁(주식),주식형,2026-06-01,K55301EU5260,0.459,0.001,0.02,0.02,0.5,0.4191,0.01,0.51,0,0,0.1595
미래에셋TIGER코스피고배당증권상장지수투자신탁(주식),주식형,2014-12-04,KR5301AX7376,0.239,0.001,0.02,0.03,0.29,0.4191,0.03,0.32,0,0,0.0762
미래에셋TIGER코스피대형주증권상장지수투자신탁(주식),주식형,2017-08-30,K55301BV2962,0.239,0.001,0.02,0.03,0.29,0.4191,0.02,0.31,0,0,0.0155
미래에셋TIGER코스피중형주증권상장지수투자신탁(주식),주식형,2017-08-30,K55301BV2954,0.239,0.001,0.02,0.03,0.29,0.4191,0.03,0.32,0,0,0.0598
미래에셋TIGER코스피증권상장지수투자신탁(주식),주식형,2017-08-30,K55301BV2921,0.119,0.001,0.01,0.02,0.15,0.4191,0.02,0.17,0,0,0.0115
미래에셋TIGER탄소효율그린뉴딜증권상장지수투자신탁(주식),주식형,2021-02-04,K55301DE5626,0.064,0.001,0.015,0.01,0.09,0.4191,0.05,0.14,0,0,0.0434
미래에셋TIGER테슬라채권혼합Fn증권상장지수투자신탁(채권혼합),혼합채권형,2022-11-25,K55301DY0649,0.234,0.001,0.005,0.01,0.25,0.4671,0.08,0.33,0,0,0.0408
미래에셋TIGER토탈월드스탁액티브증권상장지수투자신탁(주식),주식형,2025-06-20,K55301EK7888,0.18,0.01,0.035,0.025,0.25,0.4191,0.07,0.32,0,0,0.062
미래에셋TIGER퓨처모빌리티액티브증권상장지수투자신탁(주식),주식형,2021-05-21,K55301DH5144,0.72,0.01,0.02,0.02,0.77,0.4191,0.06,0.83,0,0,0.5576
미래에셋TIGER필라델피아반도체레버리지증권상장지수투자신탁(주식혼합-파생형)(합성),혼합주식파생형,2022-04-14,K55301DS3146,0.539,0.001,0.02,0.02,0.58,0.3342,0.07,0.65,0,0,0.0968
미래에셋TIGER한중반도체증권상장지수투자신탁(주식-파생형)(합성),주식파생형,2022-12-21,K55301DZ0994,0.309,0.001,0.02,0.02,0.35,0.3342,0.05,0.4,0,0,0
미래에셋TIGER한중전기차증권상장지수투자신탁(주식-파생형)(합성),주식파생형,2022-12-21,K55301DZ1141,0.309,0.001,0.02,0.02,0.35,0.3342,0.05,0.4,0,0,0
미래에셋TIGER헬스케어증권상장지수투자신탁(주식),주식형,2011-07-15,KR5225A46670,0.339,0.001,0.03,0.03,0.4,0.4191,0.02,0.42,0,0,0.0453
미래에셋TIGER현대차그룹+증권상장지수투자신탁[주식],주식형,2011-03-09,KR5225A04034,0.112,0.001,0.012,0.025,0.15,0.4191,0.05,0.2,0,0,0.0829
미래에셋TIGER화장품증권상장지수투자신탁(주식),주식형,2015-10-06,K55301B73766,0.439,0.001,0.03,0.03,0.5,0.4191,0.05,0.55,0,0,0.0553
브이아이FOCUS200증권상장지수투자신탁[주식],주식형,2025-09-22,K55104EN5177,0.036,0.001,0.008,0.005,0.05,0.4191,0.03,0.08,0,0,0.0087
브이아이FOCUSAI반도체위클리고정커버드콜증권상장지수투자신탁[주식-파생형],주식파생형,2026-04-06,K55104ER1156,0.264,0.001,0.02,0.015,0.3,0.3342,0.03,0.33,0,0,0.0411
브이아이FOCUSAI코리아액티브증권상장지수투자신탁[주식],주식형,2022-11-14,K55104DY6843,0.4,0.02,0.02,0.015,0.455,0.4191,0.03,0.49,0,0,0.0706
브이아이FOCUSBABA-UST커버드콜혼합증권상장지수투자신탁[채권혼합-파생재간접형],재간접파생형,2025-06-27,K55104EL0816,0.27,0.02,0.05,0.02,0.36,0.3342,0.19,0.55,0,0,1.051
브이아이FOCUSESGLeaders150증권상장지수투자신탁[주식],주식형,2017-12-12,K55104C03165,0.05,0.02,0.01,0.015,0.095,0.4191,0.1,0.2,0,0,0.0218
브이아이FOCUS금융반도체지주채권혼합50액티브증권상장지수투자신탁[채권혼합],혼합채권형,2026-08-10,K55104EX3725,0.364,0.001,0.02,0.015,0.4,0.4671,0.01,0.41,0,0,0.002
BNKBNK27-12특수채(AAA이상)액티브증권상장지수투자신탁(채권),채권형,2026-06-12,K55240EV4951,0.05,0.005,0.01,0.005,0.07,0.1248,0,0.07,0,0,0.0012
BNKBNK2차전지양극재증권상장지수투자신탁(주식),주식형,2023-10-18,K55240E62094,0.35,0.01,0.02,0.015,0.395,0.4191,0.09,0.49,0,0,0.0175
BNKBNK미래전략기술액티브증권상장지수투자신탁(주식),주식형,2023-06-19,K55240E32568,0.45,0.01,0.02,0.015,0.495,0.4191,0.09,0.59,0,0,0.0283
BNKBNK스마트카증권상장지수투자신탁(주식),주식형,2026-07-20,K55240EV4936,0.405,0.01,0.02,0.015,0.45,0.4191,0.02,0.47,0,0,0.0004
BNKBNK온디바이스AI증권상장지수투자신탁(주식),주식형,2024-07-22,K55240EC9136,0.35,0.01,0.02,0.015,0.395,0.4191,0.07,0.46,0,0,0.0227
BNKBNK주주가치액티브증권상장지수투자신탁(주식),주식형,2022-10-24,K55240DY2458,0.45,0.01,0.02,0.015,0.495,0.4191,0.06,0.56,0,0,0.0644
BNKBNK카카오그룹포커스증권상장지수투자신탁(주식),주식형,2025-12-01,K55240EP9438,0.35,0.01,0.02,0.015,0.395,0.4191,0.07,0.46,0,0,0.0102
삼성액티브KoActAI인프라액티브증권상장지수투자신탁[주식],주식형,2024-07-08,K553N9EC3266,0.45,0.01,0.02,0.02,0.5,0.4191,0.05,0.55,0,0,1.2045
삼성액티브KoActK수출핵심기업TOP30액티브증권상장지수투자신탁[주식],주식형,2025-07-07,K553N9EL0774,0.45,0.01,0.02,0.02,0.5,0.4191,0.06,0.56,0,0,0.6623
삼성액티브KoAct고배당액티브증권상장지수투자신탁[주식],주식형,2026-07-27,K553N9EX6314,0.45,0.01,0.02,0.02,0.5,0.4191,0.01,0.51,0,0,0.0319
삼성액티브KoAct광통신&위성네트워크액티브증권상장지수투자신탁[주식],주식형,2026-07-13,K553N9EV4881,0.45,0.01,0.02,0.02,0.5,0.4191,0.01,0.51,0,0,0.0339
삼성액티브KoAct글로벌AI&로봇액티브증권상장지수투자신탁[주식],주식형,2023-11-17,K553N9E63887,0.45,0.01,0.02,0.02,0.5,0.4191,0.08,0.58,0,0,1.2708
삼성액티브KoAct글로벌AI메모리반도체액티브증권상장지수투자신탁[주식],주식형,2026-04-10,K553N9EU0641,0.45,0.01,0.03,0.01,0.5,0.4191,0.03,0.53,0,0,0.2992
삼성액티브KoAct글로벌K컬처밸류체인액티브증권상장지수투자신탁[주식],주식형,2025-11-21,K553N9EP3691,0.45,0.01,0.03,0.01,0.5,0.4191,0.07,0.57,0,0,0.5142
삼성액티브KoAct글로벌양자컴퓨팅액티브증권상장지수투자신탁[주식],주식형,2025-03-07,K553N9EH9532,0.45,0.01,0.02,0.02,0.5,0.4191,0.08,0.58,0,0,0.4088
삼성액티브KoAct글로벌친환경전력인프라액티브증권상장지수투자신탁[주식],주식형,2024-01-16,K553N9E74926,0.45,0.01,0.02,0.02,0.5,0.4191,0.07,0.57,0,0,0.195
삼성액티브KoAct미국나스닥성장기업액티브증권상장지수투자신탁[주식],주식형,2025-02-21,K553N9EH5654,0.45,0.01,0.02,0.02,0.5,0.4191,0.1,0.6,0,0,1.4844
삼성액티브KoAct미국나스닥채권혼합50액티브증권상장지수투자신탁[채권혼합],혼합채권형,2025-09-26,K553N9EG1423,0.2,0.01,0.02,0.02,0.25,0.4671,0.11,0.36,0,0,0.4762
삼성액티브KoAct미국로봇피지컬AI액티브증권상장지수투자신탁[주식],주식형,2026-04-24,K553N9ET5775,0.45,0.01,0.03,0.01,0.5,0.4191,0.05,0.55,0,0,0.4062
삼성액티브KoAct미국바이오헬스케어액티브증권상장지수투자신탁[주식],주식형,2025-11-07,K553N9EP3964,0.45,0.01,0.03,0.01,0.5,0.4191,0.2,0.7,0,0,0.5136
삼성액티브KoAct미국천연가스인프라액티브증권상장지수투자신탁[주식],주식형,2024-12-06,K553N9EF5557,0.44,0.01,0.03,0.02,0.5,0.4191,0.09,0.59,0,0,0.2034
삼성액티브KoAct미국치매&뇌질환치료제액티브증권상장지수투자신탁[주식],주식형,2024-08-30,K553N9ED6821,0.45,0.01,0.02,0.02,0.5,0.4191,0.2,0.7,0,0,0.7592
삼성액티브KoAct바이오헬스케어액티브증권상장지수투자신탁[주식],주식형,2023-08-02,K553N9E27494,0.45,0.01,0.02,0.02,0.5,0.4191,0.07,0.57,0,0,0.2749
삼성액티브KoAct반도체&2차전지핵심소재액티브상장지수투자신탁[주식],주식형,2024-05-13,K553N9E96812,0.45,0.01,0.02,0.02,0.5,0.4191,0.07,0.57,0,0,0.2145
삼성액티브KoAct배당성장액티브증권상장지수투자신탁[주식],주식형,2024-02-26,K553N9E80501,0.45,0.01,0.02,0.02,0.5,0.4191,0.02,0.52,0,0,0.4248
삼성액티브KoAct브로드컴밸류체인액티브증권상장지수투자신탁[주식],주식형,2025-05-16,K553N9EJ5488,0.45,0.01,0.02,0.02,0.5,0.4191,0.09,0.59,0,0,0.2488
삼성액티브KoAct수소전력ESS인프라액티브증권상장지수투자신탁[주식],주식형,2026-01-12,K553N9EQ9994,0.45,0.01,0.02,0.02,0.5,0.4191,0.04,0.54,0,0,0.2949
삼성액티브KoAct차이나바이오헬스케어액티브증권상장지수투자신탁[주식],주식형,2026-01-23,K553N9EM6598,0.45,0.01,0.03,0.01,0.5,0.4191,0.29,0.79,0,0,0.5257
삼성액티브KoAct코리아밸류업액티브증권상장지수투자신탁[주식],주식형,2024-11-01,K553N9EF9468,0.45,0.01,0.02,0.02,0.5,0.4191,0.01,0.51,0,0,0.5575
삼성액티브KoAct코스닥액티브증권상장지수투자신탁[주식],주식형,2026-03-09,K553N9EU4486,0.45,0.01,0.02,0.02,0.5,0.4191,0.01,0.51,0,0,0.3474
삼성액티브KoAct코스피액티브증권상장지수투자신탁[주식],주식형,2026-05-18,K553N9EU7141,0.45,0.01,0.02,0.02,0.5,0.4191,0.01,0.51,0,0,0.0631
삼성액티브KoAct팔란티어밸류체인액티브증권상장지수투자신탁[주식],주식형,2025-08-22,K553N9EF9815,0.45,0.01,0.03,0.01,0.5,0.4191,0.09,0.59,0,0,0.5782
삼성KODEX 200ESG증권상장지수투자신탁[주식],주식형,2019-11-13,K55105CX1894,0.069,0.001,0.01,0.01,0.09,0.4191,0.03,0.12,0,0,0.0613
삼성KODEX 200exTOP증권상장지수투자신탁[주식],주식형,2019-11-13,K55105CX0532,0.259,0.001,0.02,0.02,0.3,0.4191,0.03,0.33,0,0,0.0468
삼성KODEX 2차전지산업증권상장지수투자신탁[주식],주식형,2018-09-11,K55105CD4207,0.409,0.001,0.02,0.02,0.45,0.4191,0.1,0.55,0,0,0.0555
삼성KODEX IT증권상장지수투자신탁(주식),주식형,2017-03-27,K55105BM5634,0.409,0.001,0.02,0.02,0.45,0.4191,0.01,0.46,0,0,0.0507
삼성KODEX K-뉴딜디지털플러스증권상장지수투자신탁[주식],주식형,2020-11-09,K55105DB2905,0.069,0.001,0.01,0.01,0.09,0.4191,0.06,0.15,0,0,0.0462
삼성KODEX KRX300레버리지증권상장지수투자신탁[주식-파생형],주식파생형,2018-10-15,K55105CE6045,0.599,0.001,0.02,0.02,0.64,0.3342,0.03,0.67,0,0,0.3232
삼성KODEX KTOP30증권상장지수투자신탁[주식],주식형,2015-10-13,K55105B76798,0.209,0.001,0.02,0.02,0.25,0.4191,0.03,0.28,0,0,0.0367
삼성KODEX MSCI ESG유니버설증권상장지수투자신탁[주식형],주식형,2018-02-06,K55105BZ5845,0.259,0.001,0.02,0.02,0.3,0.4191,0.05,0.35,0,0,0.1149
삼성KODEX MSCI KOREATotalReturn증권상장지수투자신탁[주식],주식형,2017-11-08,K55105BW1235,0.069,0.001,0.01,0.01,0.09,0.4191,0.03,0.12,0,0,0.0102
삼성KODEX MSCI KOREA증권상장지수투자신탁[주식],주식형,2012-04-27,KR5105AA2075,0.069,0.001,0.01,0.01,0.09,0.4191,0.04,0.13,0,0,0.0089
삼성KODEX S&P500선물증권상장지수투자신탁[주식-파생형](H),주식파생형,2015-05-27,K55105B29847,0.029,0.001,0.01,0.01,0.05,0.3342,0.05,0.1,0,0,0.0534
삼성KODEX SGX MSCI EM선물증권상장지수투자신탁[주식-파생형](H),주식파생형,2018-03-21,K55105C52086,0.409,0.001,0.02,0.02,0.45,0.3342,0.54,0.99,0,0,0.173
삼성KODEX Top10동일가중증권상장지수투자신탁[주식],주식형,2021-07-29,K55105DK2011,0.109,0.001,0.02,0.02,0.15,0.4191,0.06,0.21,0,0,0.1685
삼성KODEX WTI원유선물특별자산상장지수투자신탁[원유-파생형](H),특별자산파생,2016-12-23,K55105BJ8567,0.309,0.001,0.02,0.02,0.35,0.3342,0.05,0.4,0,0,0.3167
삼성KODEX 모닝스타멀티에셋하이인컴증권상장지수투자신탁[채권혼합-파생재간접형](H),재간접파생형,2019-06-03,K55105CK0701,0.209,0.001,0.02,0.02,0.25,0.3342,0.16,0.41,0,0,0.1477
삼성KODEX 미국ETF산업Top10Indxx증권상장지수투자신탁[주식],주식형,2022-05-13,K55105DS5107,0.459,0.001,0.02,0.02,0.5,0.4191,0.07,0.57,0,0,0.0291
삼성KODEX 미국S&P500커뮤니케이션증권상장지수투자신탁[주식],주식형,2023-07-28,K55105E38404,0.229,0.001,0.01,0.01,0.25,0.4191,0.11,0.36,0,0,0.1575
삼성KODEX 미국나스닥100레버리지증권상장지수투자신탁[주식-파생형](합성H),주식파생형,2021-12-07,K55105DO3122,0.259,0.001,0.02,0.02,0.3,0.3342,0.09,0.39,0,0,0.0576
삼성KODEX 미국러셀2000증권상장지수투자신탁[주식-파생형](H),주식파생형,2017-11-07,K55105BX6175,0.409,0.001,0.02,0.02,0.45,0.3342,0.1,0.55,0,0,0.1197
삼성KODEX 미국반도체증권상장지수투자신탁[주식],주식형,2021-06-28,K55105DJ0265,0.064,0.001,0.015,0.01,0.09,0.4191,0.08,0.17,0,0,0.1172
삼성KODEX 미국빅테크10증권상장지수투자신탁[주식-파생형](H),주식파생형,2019-01-08,K55105CG9971,0.409,0.001,0.02,0.02,0.45,0.3342,0.11,0.56,0,0,0.0823
삼성KODEX 유럽탄소배출권선물ICE특별자산상장지수투자신탁[탄소배출권-파생형](H),특별자산파생,2021-09-28,K55105DL9742,0.599,0.001,0.02,0.02,0.64,0.3342,0.07,0.71,0,0,0.1309
삼성KODEX 코스피증권상장지수투자신탁[주식],주식형,2015-08-21,K55105B62905,0.109,0.001,0.02,0.02,0.15,0.4191,0.01,0.16,0,0,0.0104
삼성KODEX 탄소효율그린뉴딜증권상장지수투자신탁[주식],주식형,2021-02-04,K55105DD7480,0.049,0.001,0.02,0.02,0.09,0.4191,0.05,0.14,0,0,0.0615
삼성KODEX 필수소비재증권상장지수투자신탁[주식],주식형,2017-03-27,K55105BM5600,0.409,0.001,0.02,0.02,0.45,0.4191,0.02,0.47,0,0,0.0285
삼성KODEX10년국채선물인버스증권상장지수투자신탁[채권-파생형],채권파생형,2013-05-30,KR5105AI5534,0.049,0.001,0.01,0.01,0.07,0.3342,0.01,0.08,0,0,0.0706
삼성KODEX10년국채선물증권상장지수투자신탁[채권-파생형],채권파생형,2012-01-19,KR5105A81382,0.049,0.001,0.01,0.01,0.07,0.3342,0.02,0.09,0,0,0.0413
삼성KODEX200ITTotalReturn증권상장지수투자신탁[주식],주식형,2020-09-24,K55105D67108,0.109,0.001,0.02,0.02,0.15,0.4191,0.03,0.18,0,0,0.0316
삼성KODEX200TotalReturn증권상장지수투자신탁[주식],주식형,2017-11-20,K55105BW3843,0.029,0.001,0.01,0.01,0.05,0.4191,0.03,0.08,0,0,0.0188
삼성KODEX200가치저변동증권상장지수투자신탁[주식],주식형,2015-06-25,K55105B39242,0.259,0.001,0.02,0.02,0.3,0.4191,0.05,0.35,0,0,0.0855
삼성KODEX200동일가중증권상장지수투자신탁[주식],주식형,2016-09-19,K55105BG6549,0.209,0.001,0.02,0.02,0.25,0.4191,0.03,0.28,0,0,0.0699
삼성KODEX200롱코스닥150숏선물증권상장지수투자신탁[주식-파생형],주식파생형,2020-08-20,K55105D60632,0.599,0.001,0.02,0.02,0.64,0.3342,0.03,0.67,0,0,0.2439
삼성KODEX200미국채혼합50증권상장지수투자신탁[채권혼합-파생형],혼합채권파생형,2017-11-28,K55105BZ3766,0.309,0.001,0.02,0.02,0.35,0.3342,0.04,0.39,0,0,0.2332
삼성KODEX200선물인버스2X증권상장지수투자신탁[주식-파생형],주식파생형,2016-09-21,K55105BG8438,0.599,0.001,0.02,0.02,0.64,0.3342,0.12,0.76,0,0,0.5309
삼성KODEX200액티브증권상장지수투자신탁[주식-파생형],주식파생형,2024-10-28,K55105EE6431,0.124,0.001,0.015,0.01,0.15,0.3342,0.01,0.16,0,0,0.0338
삼성KODEX200중소형증권상장지수투자신탁[주식],주식형,2015-08-31,K55105B66492,0.259,0.001,0.02,0.02,0.3,0.4191,0.03,0.33,0,0,0.0844
삼성KODEX200증권상장지수투자신탁[주식],주식형,2002-10-11,KR5105352888,0.124,0.001,0.01,0.015,0.15,0.4191,0.01,0.16,0,0,0.0184
삼성KODEX200커버드콜액티브증권상장지수투자신탁[주식-파생형],주식파생형,2026-07-10,K55105EX2080,0.469,0.001,0.02,0.01,0.5,0.3342,0.01,0.51,0,0,0.0178
삼성KODEX200타겟위클리커버드콜증권상장지수투자신탁[주식-파생형],주식파생형,2024-12-02,K55105EG3659,0.359,0.001,0.02,0.01,0.39,0.3342,0.03,0.42,0,0,0.0895
삼성KODEX26-12금융채(AA-이상)액티브증권상장지수투자신탁[채권],채권형,2025-10-27,K55105EN8634,0.076,0.001,0.01,0.003,0.09,0.1248,0.01,0.1,0,0,0.0045
삼성KODEX26-12회사채(AA-이상)액티브증권상장지수투자신탁[채권],채권형,2023-12-11,K55105E71496,0.083,0.001,0.003,0.003,0.09,0.1248,0.01,0.1,0,0,0.0023
삼성KODEX27-12회사채(AA-이상)액티브증권상장지수투자신탁[채권],채권형,2025-01-10,K55105EG9086,0.083,0.001,0.003,0.003,0.09,0.1248,0.02,0.11,0,0,0.0053
삼성KODEX28-12회사채(AA-이상)액티브증권상장지수투자신탁[채권],채권형,2025-11-03,K55105EN8642,0.083,0.001,0.003,0.003,0.09,0.1248,0.01,0.1,0,0,0.0033
삼성KODEX2차전지산업레버리지증권상장지수투자신탁[주식-파생형],주식파생형,2023-07-03,K55105E32308,0.449,0.001,0.02,0.02,0.49,0.3342,0.12,0.61,0,0,0.6085
삼성KODEX2차전지핵심소재10증권상장지수투자신탁[주식],주식형,2023-07-03,K55105E32290,0.349,0.001,0.02,0.02,0.39,0.4191,0.1,0.49,0,0,0.0753
삼성KODEX33-06국고채액티브증권상장지수투자신탁[채권],채권형,2023-05-25,K55105E17036,0.139,0.001,0.005,0.005,0.15,0.1248,0.02,0.17,0,0,0
삼성KODEX3대농산물선물특별자산상장지수투자신탁[농산물-파생형](H),특별자산파생,2017-06-12,K55105BP4386,0.509,0.001,0.02,0.02,0.55,0.3342,0.05,0.6,0,0,0.2377
삼성KODEX53-09국고채액티브증권상장지수투자신탁[채권],채권형,2023-05-25,K55105E17044,0.139,0.001,0.005,0.005,0.15,0.1248,0.02,0.17,0,0,0
삼성KODEXAI반도체TOP2플러스증권상장지수투자신탁[주식],주식형,2021-07-29,K55105DI5372,0.409,0.001,0.02,0.02,0.45,0.4191,0.06,0.51,0,0,0.19
삼성KODEXAI반도체핵심장비증권상장지수투자신탁[주식],주식형,2023-11-20,K55105E71488,0.349,0.001,0.02,0.02,0.39,0.4191,0.05,0.44,0,0,0.1709
삼성KODEXAI전력핵심설비증권상장지수투자신탁[주식],주식형,2024-07-08,K55105EC1749,0.359,0.001,0.02,0.01,0.39,0.4191,0.07,0.46,0,0,0.0558
삼성KODEXCD1년금리플러스액티브증권상장지수투자신탁[채권혼합-파생형](합성),혼합채권파생형,2024-04-19,K55105E94878,0.041,0.001,0.004,0.004,0.05,0.3342,0.01,0.06,0,0,0.0059
삼성KODEXCD금리액티브증권상장지수투자신탁[채권혼합-파생형](합성),혼합채권파생형,2023-06-02,K55105E24776,0.011,0.001,0.004,0.004,0.02,0.3342,0.01,0.03,0,0,0.0032
삼성KODEXESG종합채권(A-이상)액티브증권상장지수투자신탁[채권],채권형,2022-08-22,K55105DR2899,0.054,0.001,0.005,0.01,0.07,0.1248,0.02,0.09,0,0,0.0157
삼성KODEXKOFR금리액티브특별자산상장지수투자신탁[금리-파생형](합성),특별자산파생,2022-04-25,K55105DR9373,0.039,0.001,0.005,0.005,0.05,0.3342,0.01,0.06,0,0,0.0018
삼성KODEXKRX300증권상장지수투자신탁[주식형],주식형,2018-03-23,K55105C52102,0.029,0.001,0.01,0.01,0.05,0.4191,0.03,0.08,0,0,0.0267
삼성KODEXK콘텐츠증권상장지수투자신탁[주식],주식형,2017-03-27,K55105BM5626,0.409,0.001,0.02,0.02,0.45,0.4191,0.02,0.47,0,0,0.0391
삼성KODEXMSCI선진국증권상장지수투자신탁[주식],주식형,2016-08-08,K55105BF7266,0.239,0.001,0.03,0.03,0.3,0.4191,0.07,0.37,0,0,0.0053
삼성KODEXS&P글로벌인프라증권상장지수투자신탁[주식-파생형](합성),주식파생형,2017-05-15,K55105BN5708,0.219,0.001,0.02,0.02,0.26,0.3342,0.07,0.33,0,0,0.0366
삼성KODEXSK하이닉스단일종목레버리지증권상장지수투자신탁[주식-파생형],주식파생형,2026-05-26,K55105EV6356,0.269,0.001,0.01,0.01,0.29,0.3342,0.02,0.31,0,0,0.2643
삼성KODEXTRF3070증권상장지수투자신탁[채권혼합],혼합채권형,2019-07-03,K55105CS1271,0.219,0.001,0.01,0.01,0.24,0.4671,0.05,0.29,0,0,0.0235
삼성KODEXTRF5050증권상장지수투자신탁[채권혼합-재간접형],재간접형,2019-07-03,K55105CS1263,0.149,0.001,0.01,0.01,0.17,0.7055,0.05,0.22,0,0,0.0339
삼성KODEXTRF7030증권상장지수투자신탁[주식혼합-재간접형],재간접형,2019-07-03,K55105CS1255,0.079,0.001,0.01,0.01,0.1,0.7055,0.06,0.16,0,0,0.0397
삼성KODEXTop5PlusTotalReturn증권상장지수투자신탁[주식],주식형,2019-01-21,K55105CG9781,0.124,0.001,0.01,0.015,0.15,0.4191,0.04,0.19,0,0,0.1133
삼성KODEXWTI원유선물인버스특별자산상장지수투자신탁[원유-파생형](H),특별자산파생,2017-06-12,K55105BP4345,0.309,0.001,0.02,0.02,0.35,0.3342,0.06,0.41,0,0,0.2704
삼성KODEXiShares미국인플레이션국채액티브증권상장지수투자신탁[채권-재간접형],재간접형,2023-10-17,K55105E57099,0.089,0.001,0.005,0.005,0.1,0.7055,0.02,0.12,0,0,0.0349
삼성KODEXiShares미국투자등급회사채액티브증권상장지수투자신탁[채권-재간접형],재간접형,2023-10-17,K55105E57073,0.089,0.001,0.005,0.005,0.1,0.7055,0.05,0.15,0,0,0.037
삼성KODEXiShares미국하이일드액티브증권상장지수투자신탁[채권-재간접형],재간접형,2023-10-17,K55105E57081,0.139,0.001,0.005,0.005,0.15,0.7055,0.02,0.17,0,0,0.0627
삼성KODEX가치주증권상장지수투자신탁[주식],주식형,2017-07-10,K55105BQ9434,0.259,0.001,0.02,0.02,0.3,0.4191,0.05,0.35,0,0,0.0371
삼성KODEX건설증권상장지수투자신탁[주식],주식형,2009-10-29,KR5105171502,0.389,0.001,0.02,0.04,0.45,0.4191,0.01,0.46,0,0,0.0224
삼성KODEX게임산업증권상장지수투자신탁[주식형],주식형,2018-07-23,K55105CB0603,0.409,0.001,0.02,0.02,0.45,0.4191,0.06,0.51,0,0,0.0441
삼성KODEX경기소비재증권상장지수투자신탁[주식],주식형,2017-03-27,K55105BM5592,0.409,0.001,0.02,0.02,0.45,0.4191,0.02,0.47,0,0,0.1379
삼성KODEX고배당주증권상장지수투자신탁[주식],주식형,2017-10-16,K55105BW6366,0.259,0.001,0.02,0.02,0.3,0.4191,0.06,0.36,0,0,0.1671
삼성KODEX골드선물인버스특별자산상장지수투자신탁[금-파생형](H),특별자산파생,2017-11-07,K55105BY2041,0.409,0.001,0.02,0.02,0.45,0.3342,0.07,0.52,0,0,0.065
삼성KODEX골드선물특별자산상장지수투자신탁[금-파생형](H),특별자산파생,2010-09-29,KR5105705846,0.599,0.001,0.04,0.04,0.68,0.3342,0.05,0.73,0,0,0.0601
삼성KODEX구리선물특별자산상장지수투자신탁[구리-파생형](H),특별자산파생,2011-03-11,KR5105A08898,0.599,0.001,0.04,0.04,0.68,0.3342,0.06,0.74,0,0,0.1471
삼성KODEX국고채10년액티브증권상장지수투자신탁[채권],채권형,2023-11-13,K55105E67924,0.008,0.001,0.003,0.003,0.015,0.1248,0.01,0.03,0,0,0.0088
삼성KODEX국고채30년액티브증권상장지수투자신탁[채권],채권형,2022-08-22,K55105DV4568,0.039,0.001,0.005,0.005,0.05,0.1248,0.02,0.07,0,0,0.0135
삼성KODEX국고채3년증권상장지수투자신탁[채권],채권형,2009-07-28,KR5105149383,0.124,0.001,0.01,0.015,0.15,0.1248,0.02,0.17,0,0,0.0072
삼성KODEX국채선물3년인버스증권상장지수투자신탁[채권-파생형],채권파생형,2018-04-12,K55105C60402,0.049,0.001,0.01,0.01,0.07,0.3342,0.02,0.09,0,0,0.0655
삼성KODEX글로벌로봇증권상장지수투자신탁[주식-파생형](합성),주식파생형,2017-08-16,K55105BT6494,0.259,0.001,0.02,0.02,0.3,0.3342,0.22,0.52,0,0,0.0252
삼성KODEX글로벌비만치료제TOP2Plus증권상장지수투자신탁[주식],주식형,2024-02-08,K55105E79341,0.419,0.001,0.02,0.01,0.45,0.4191,0.12,0.57,0,0,0.1941
삼성KODEX금액티브특별자산상장지수투자신탁[금-파생재간접형],특별자산파생,2025-06-13,K55105EK8983,0.26,0.01,0.02,0.01,0.3,0.3342,0.06,0.36,0,0,0.175
삼성KODEX금융고배당TOP10증권상장지수투자신탁[주식],주식형,2025-08-11,K55105EM2703,0.259,0.001,0.02,0.02,0.3,0.4191,0.03,0.33,0,0,0.0822
삼성KODEX금융고배당TOP10타겟위클리커버드콜증권상장지수투자신탁[주식-파생형],주식파생형,2024-12-16,K55105EF7263,0.359,0.001,0.02,0.01,0.39,0.3342,0.03,0.42,0,0,0.2497
삼성KODEX금융채1~2년(AA-이상)PLUS액티브증권상장지수투자신탁[채권],채권형,2026-02-25,K55105ER7764,0.076,0.001,0.01,0.003,0.09,0.1248,0.01,0.1,0,0,0.0094
삼성KODEX기계장비증권상장지수투자신탁[주식],주식형,2008-05-28,KR5105837854,0.389,0.001,0.02,0.04,0.45,0.4191,0.02,0.47,0,0,0.0282
삼성KODEX기후변화솔루션증권상장지수투자신탁[주식],주식형,2021-10-28,K55105DN4469,0.049,0.001,0.02,0.02,0.09,0.4191,0.05,0.14,0,0,0.1167
삼성KODEX단기변동금리부채권액티브증권상장지수투자신탁[채권],채권형,2017-06-28,K55105BR3113,0.129,0.001,0.005,0.015,0.15,0.1248,0.02,0.17,0,0,0.0025
삼성KODEX단기채권PLUS증권상장지수투자신탁[채권],채권형,2015-03-02,K55105B00244,0.129,0.001,0.01,0.01,0.15,0.1248,0.02,0.17,0,0,0.0004
삼성KODEX단기채권증권상장지수투자신탁[채권],채권형,2012-02-21,KR5105A84337,0.129,0.001,0.01,0.01,0.15,0.1248,0.02,0.17,0,0,0.0079
삼성KODEX대만테크고배당다우존스증권상장지수투자신탁[주식],주식형,2024-07-19,K55105EB3910,0.409,0.001,0.03,0.01,0.45,0.4191,0.17,0.62,0,0,0.3442
삼성KODEX레버리지증권상장지수투자신탁[주식-파생형],주식파생형,2010-02-17,KR5105191153,0.599,0.001,0.02,0.02,0.64,0.3342,0.01,0.65,0,0,0.7319
삼성KODEX로봇액티브증권상장지수투자신탁[주식],주식형,2022-11-10,K55105DW7453,0.459,0.001,0.02,0.02,0.5,0.4191,0.07,0.57,0,0,0.0306
삼성KODEX머니마켓액티브증권상장지수투자신탁[채권],채권형,2024-08-05,K55105EC8033,0.039,0.001,0.005,0.005,0.05,0.1248,0.01,0.06,0,0,0.0013
삼성KODEX멀티팩터증권상장지수투자신탁[주식],주식형,2019-11-13,K55105CX0524,0.259,0.001,0.02,0.02,0.3,0.4191,0.06,0.36,0,0,0.0326
삼성KODEX메타버스액티브증권상장지수투자신탁[주식],주식형,2021-10-12,K55105DM5970,0.459,0.001,0.02,0.02,0.5,0.4191,0.06,0.56,0,0,0.0531
삼성KODEX모멘텀PLUS증권상장지수투자신탁[주식],주식형,2016-05-12,K55105BD0552,0.259,0.001,0.02,0.02,0.3,0.4191,0.04,0.34,0,0,0.1306
삼성KODEX모멘텀주증권상장지수투자신탁[주식],주식형,2017-07-10,K55105BQ9400,0.259,0.001,0.02,0.02,0.3,0.4191,0.05,0.35,0,0,0.0516
삼성KODEX미국10년국채선물증권상장지수투자신탁[채권-파생형],채권파생형,2018-10-17,K55105CF2639,0.049,0.001,0.02,0.02,0.09,0.3342,0.05,0.14,0,0,0.0465
삼성KODEX미국10년국채액티브증권상장지수투자신탁[채권-재간접형](H),재간접형,2025-08-14,K55105EM2711,0.119,0.001,0.02,0.01,0.15,0.7055,0.03,0.18,0,0,0.0375
삼성KODEX미국30년국채액티브증권상장지수투자신탁[채권-재간접형](H),재간접형,2024-06-14,K55105EB5592,0.004,0.001,0.005,0.005,0.015,0.7055,0.03,0.05,0,0,0.0084
삼성KODEX미국30년국채울트라선물인버스증권상장지수투자신탁[채권-파생형](H),채권파생형,2018-09-10,K55105CD0213,0.259,0.001,0.02,0.02,0.3,0.3342,0.06,0.36,0,0,0.1046
삼성KODEX미국30년국채울트라선물증권상장지수투자신탁[채권-파생형](H),채권파생형,2018-09-10,K55105CD0072,0.259,0.001,0.02,0.02,0.3,0.3342,0.06,0.36,0,0,0.0631
삼성KODEX미국30년국채타겟커버드콜증권상장지수투자신탁[채권-파생형](합성 H),채권파생형,2024-04-26,K55105EA0792,0.229,0.001,0.01,0.01,0.25,0.3342,0.07,0.32,0,0,0.0044
삼성KODEX미국AI광통신네트워크증권상장지수투자신탁[주식],주식형,2026-03-27,K55105ES6112,0.529,0.001,0.01,0.01,0.55,0.4191,0.03,0.58,0,0,0.1853
삼성KODEX미국AI반도체TOP3플러스증권상장지수투자신탁[주식],주식형,2026-01-09,K55105EQ8482,0.459,0.001,0.02,0.01,0.49,0.4191,0.05,0.54,0,0,0.2968
삼성KODEX미국AI소프트웨어TOP10증권상장지수투자신탁[주식],주식형,2025-04-17,K55105EH7642,0.419,0.001,0.02,0.01,0.45,0.4191,0.09,0.54,0,0,0.2735
삼성KODEX미국AI전력핵심인프라증권상장지수투자신탁[주식],주식형,2024-07-05,K55105EC0527,0.419,0.001,0.02,0.01,0.45,0.4191,0.08,0.53,0,0,0.299
삼성KODEX미국AI테크TOP10증권상장지수투자신탁[주식],주식형,2024-06-21,K55105EB3902,0.269,0.001,0.02,0.01,0.3,0.4191,0.07,0.37,0,0,0.1405
삼성KODEX미국AI테크TOP10타겟커버드콜증권상장지수투자신탁[주식-파생형],주식파생형,2024-05-24,K55105EA9041,0.359,0.001,0.02,0.01,0.39,0.3342,0.09,0.48,0,0,0.1031
삼성KODEX미국CPU반도체TOP10증권상장지수투자신탁[주식],주식형,2026-07-31,K55105EX4193,0.519,0.001,0.02,0.01,0.55,0.4191,0.01,0.56,0,0,0.0769
삼성KODEX미국S&P500경기소비재증권상장지수투자신탁[주식],주식형,2023-03-17,K55105DZ6528,0.229,0.001,0.01,0.01,0.25,0.4191,0.1,0.35,0,0,0.0417
삼성KODEX미국S&P500금융증권상장지수투자신탁[주식],주식형,2023-03-17,K55105DZ6536,0.229,0.001,0.01,0.01,0.25,0.4191,0.11,0.36,0,0,0.0578
삼성KODEX미국S&P500데일리커버드콜OTM증권상장지수투자신탁[주식-파생형],주식파생형,2025-01-03,K55105EG1950,0.219,0.001,0.02,0.01,0.25,0.3342,0.11,0.36,0,0,0.204
삼성KODEX미국S&P500배당귀족커버드콜증권상장지수투자신탁[주식-파생형](합성)(H),주식파생형,2017-08-09,K55105BT6551,0.259,0.001,0.02,0.02,0.3,0.3342,0.07,0.37,0,0,0
삼성KODEX미국S&P500버퍼3월액티브증권상장지수투자신탁[주식-파생형],주식파생형,2025-03-21,K55105EH1736,0.359,0.001,0.02,0.01,0.39,0.3342,0.14,0.53,0,0,0.0719
삼성KODEX미국S&P500버퍼6월액티브증권상장지수투자신탁[주식-파생형],주식파생형,2025-06-20,K55105EL1938,0.359,0.001,0.02,0.01,0.39,0.3342,0.15,0.54,0,0,0.072
삼성KODEX미국S&P500변동성확대시커버드콜증권상장지수투자신탁[주식-파생형],주식파생형,2025-08-08,K55105EH3997,0.359,0.001,0.02,0.01,0.39,0.3342,0.15,0.54,0,0,0.0938
삼성KODEX미국S&P500산업재증권상장지수투자신탁[주식-파생형](합성),주식파생형,2014-06-11,KR5105AS6399,0.209,0.001,0.02,0.02,0.25,0.3342,0.08,0.33,0,0,0
삼성KODEX미국S&P500액티브증권상장지수투자신탁[주식],주식형,2025-04-17,K55105EJ6188,0.419,0.001,0.02,0.01,0.45,0.4191,0.09,0.54,0,0,0.3196
삼성KODEX미국S&P500에너지증권상장지수투자신탁[주식-파생형](합성),주식파생형,2015-04-27,K55105B19418,0.209,0.001,0.02,0.02,0.25,0.3342,0.08,0.33,0,0,0.0227
삼성KODEX미국S&P500유틸리티증권상장지수투자신탁[주식],주식형,2023-07-28,K55105E38388,0.229,0.001,0.01,0.01,0.25,0.4191,0.09,0.34,0,0,0.0413
삼성KODEX미국S&P500증권상장지수투자신탁[주식],주식형,2021-04-07,K55105DF7322,0.0001,0.001,0.005,0.0001,0.0062,0.4191,0.07,0.07,0,0,0.0394
삼성KODEX미국S&P500증권상장지수투자신탁[주식](H),주식형,2022-11-30,K55105DY7584,0.0009,0.001,0.005,0.003,0.0099,0.4191,0.1,0.11,0,0,0.0422
삼성KODEX미국S&P500테크놀로지증권상장지수투자신탁[주식],주식형,2023-07-28,K55105E38396,0.229,0.001,0.01,0.01,0.25,0.4191,0.13,0.38,0,0,0.1293
삼성KODEX미국S&P500필수소비재증권상장지수투자신탁[주식],주식형,2023-03-17,K55105DZ2634,0.229,0.001,0.01,0.01,0.25,0.4191,0.11,0.36,0,0,0.0682
삼성KODEX미국S&P500헬스케어증권상장지수투자신탁[주식],주식형,2023-03-17,K55105DZ2626,0.229,0.001,0.01,0.01,0.25,0.4191,0.1,0.35,0,0,0.0451
삼성KODEX미국금융테크액티브증권상장지수투자신탁[주식],주식형,2025-05-22,K55105EI2691,0.419,0.001,0.02,0.01,0.45,0.4191,0.09,0.54,0,0,0.1242
삼성KODEX미국나스닥100데일리커버드콜OTM증권상장지수투자신탁[주식-파생형],주식파생형,2024-10-16,K55105EE2919,0.219,0.001,0.02,0.01,0.25,0.3342,0.1,0.35,0,0,0.1608
삼성KODEX미국나스닥100선물인버스증권상장지수투자신탁[주식-파생형](H),주식파생형,2021-12-07,K55105DO3262,0.259,0.001,0.02,0.02,0.3,0.3342,0.1,0.4,0,0,0.0719
삼성KODEX미국나스닥100선물증권상장지수투자신탁[주식-파생형](H),주식파생형,2018-08-28,K55105CC4992,0.029,0.001,0.01,0.01,0.05,0.3342,0.08,0.13,0,0,0.0573
삼성KODEX미국나스닥100증권상장지수투자신탁[주식],주식형,2021-04-07,K55105DF7272,0.0001,0.001,0.005,0.0001,0.0062,0.4191,0.09,0.1,0,0,0.0601
삼성KODEX미국나스닥100증권상장지수투자신탁[주식](H),주식형,2022-11-30,K55105DY7576,0.0009,0.001,0.005,0.003,0.0099,0.4191,0.11,0.12,0,0,0.056
삼성KODEX미국나스닥AI테크액티브증권상장지수투자신탁[주식],주식형,2021-12-20,K55105DO3916,0.459,0.001,0.02,0.02,0.5,0.4191,0.1,0.6,0,0,0.6903
삼성KODEX미국달러SOFR금리액티브특별자산상장지수투자신탁[금리-파생형](합성),특별자산파생,2023-03-31,K55105E10130,0.129,0.001,0.01,0.01,0.15,0.3342,0.03,0.18,0,0,0.0004
삼성KODEX미국달러선물레버리지특별자산상장지수투자신탁[미국달러-파생형],특별자산파생,2016-12-26,K55105BJ8591,0.409,0.001,0.02,0.02,0.45,0.3342,0.03,0.48,0,0,0.1854
삼성KODEX미국달러선물인버스2X특별자산상장지수투자신탁[미국달러-파생형],특별자산파생,2016-12-26,K55105BJ8617,0.409,0.001,0.02,0.02,0.45,0.3342,0.03,0.48,0,0,0.212
삼성KODEX미국달러선물인버스특별자산상장지수투자신탁[미국달러-파생형],특별자산파생,2016-12-26,K55105BJ8609,0.409,0.001,0.02,0.02,0.45,0.3342,0.03,0.48,0,0,0.123
삼성KODEX미국달러선물특별자산상장지수투자신탁[미국달러-파생형],특별자산파생,2016-12-26,K55105BJ8583,0.209,0.001,0.02,0.02,0.25,0.3342,0.03,0.28,0,0,0.1182
삼성KODEX미국드론UAMTOP10증권상장지수투자신탁[주식],주식형,2025-12-19,K55105EP9614,0.459,0.001,0.02,0.01,0.49,0.4191,0.07,0.56,0,0,0.2106
삼성KODEX미국머니마켓액티브증권상장지수투자신탁[채권],채권형,2025-05-09,K55105EK2846,0.034,0.001,0.01,0.005,0.05,0.1248,0.03,0.08,0,0,0.001
삼성KODEX미국배당다우존스증권상장지수투자신탁[주식],주식형,2024-08-09,K55105EC8025,0.0029,0.001,0.003,0.003,0.0099,0.4191,0.08,0.09,0,0,0.0934
삼성KODEX미국배당다우존스타겟커버드콜증권상장지수투자신탁[주식-파생형],주식파생형,2024-05-24,K55105EA8589,0.359,0.001,0.02,0.01,0.39,0.3342,0.08,0.47,0,0,0.1098
삼성KODEX미국배당커버드콜S&P액티브증권상장지수투자신탁[주식-파생형],주식파생형,2022-09-23,K55105DW2744,0.169,0.001,0.01,0.01,0.19,0.3342,0.06,0.25,0,0,0.1131
삼성KODEX미국부동산리츠부동산상장지수투자신탁[REITs-파생재간접형](H),부동산파생형,2020-05-08,K55105D15560,0.069,0.001,0.01,0.01,0.09,0.3342,0.16,0.25,0,0,0.0789
삼성KODEX미국서학개미증권상장지수투자신탁[주식],주식형,2023-12-22,K55105E67171,0.219,0.001,0.02,0.01,0.25,0.4191,0.11,0.36,0,0,0.2116
삼성KODEX미국성장커버드콜액티브증권상장지수투자신탁[주식-파생형],주식파생형,2025-12-19,K55105EP9606,0.459,0.001,0.02,0.01,0.49,0.3342,0.02,0.51,0,0,0.1295
삼성KODEX미국스마트모빌리티S&P증권상장지수투자신탁[주식],주식형,2021-06-28,K55105DJ2279,0.069,0.001,0.01,0.01,0.09,0.4191,0.19,0.28,0,0,0.1152
삼성KODEX미국우주항공증권상장지수투자신탁[주식],주식형,2026-03-13,K55105ES6120,0.524,0.001,0.015,0.01,0.55,0.4191,0.04,0.59,0,0,0.3251
삼성KODEX미국원자력SMR증권상장지수투자신탁[주식],주식형,2025-11-21,K55105EP4797,0.419,0.001,0.02,0.01,0.45,0.4191,0.07,0.52,0,0,0.2172
삼성KODEX미국종합채권ESG액티브증권상장지수투자신탁[채권](H),채권형,2022-08-03,K55105DR4788,0.139,0.001,0.02,0.02,0.18,0.1248,0.05,0.23,0,0,0
삼성KODEX미국클린에너지나스닥증권상장지수투자신탁[주식],주식형,2022-03-18,K55105DK9826,0.409,0.001,0.02,0.02,0.45,0.4191,0.16,0.61,0,0,0.0857
삼성KODEX미국테크TOP3플러스증권상장지수투자신탁[주식],주식형,2024-09-06,K55105EE0194,0.269,0.001,0.02,0.01,0.3,0.4191,0.08,0.38,0,0,0.0873
삼성KODEX미국휴머노이드로봇증권상장지수투자신탁[주식],주식형,2025-04-11,K55105EI8383,0.419,0.001,0.02,0.01,0.45,0.4191,0.09,0.54,0,0,0.1757
삼성KODEX바이오증권상장지수투자신탁[주식],주식형,2016-05-12,K55105BC9695,0.409,0.001,0.02,0.02,0.45,0.4191,0.04,0.49,0,0,0.1655
삼성KODEX반도체레버리지증권상장지수투자신탁[주식-파생형],주식파생형,2024-10-21,K55105EE8742,0.464,0.001,0.015,0.01,0.49,0.3342,0.03,0.52,0,0,0.6848
삼성KODEX반도체증권상장지수투자신탁[주식],주식형,2006-06-26,KR5105578185,0.389,0.001,0.02,0.04,0.45,0.4191,0.01,0.46,0,0,0.0593
삼성KODEX반도체타겟위클리커버드콜증권상장지수투자신탁[주식-파생형],주식파생형,2026-05-11,K55105EU6183,0.419,0.001,0.02,0.01,0.45,0.3342,0.02,0.47,0,0,0.1431
삼성KODEX방산TOP10레버리지증권상장지수투자신탁[주식-파생형],주식파생형,2025-09-15,K55105EN0383,0.599,0.001,0.02,0.02,0.64,0.3342,0.07,0.71,0,0,0.5482
삼성KODEX방산TOP10증권상장지수투자신탁[주식],주식형,2025-07-14,K55105EL4742,0.409,0.001,0.02,0.02,0.45,0.4191,0.07,0.52,0,0,0.0661
삼성KODEX배당가치증권상장지수투자신탁[주식],주식형,2019-05-30,K55105CP4617,0.259,0.001,0.02,0.02,0.3,0.4191,0.06,0.36,0,0,0.1004
삼성KODEX밸류PLUS증권상장지수투자신탁[주식],주식형,2016-05-12,K55105BD0586,0.259,0.001,0.02,0.02,0.3,0.4191,0.05,0.35,0,0,0.107
삼성KODEX보험증권상장지수투자신탁[주식],주식형,2011-04-25,KR5105A23640,0.389,0.001,0.02,0.04,0.45,0.4191,0.02,0.47,0,0,0.0699
삼성KODEX삼성그룹밸류증권상장지수투자신탁[주식],주식형,2015-01-07,KR5105AY4057,0.069,0.001,0.01,0.01,0.09,0.4191,0.03,0.12,0,0,0.0417
삼성KODEX삼성그룹주증권상장지수투자신탁[주식],주식형,2008-05-20,KR5105834570,0.219,0.001,0.01,0.02,0.25,0.4191,0.04,0.29,0,0,0.0538
삼성KODEX삼성전자SK하이닉스채권혼합50증권상장지수투자신탁[채권혼합],혼합채권형,2026-04-03,K55105EQ9878,0.059,0.001,0.005,0.005,0.07,0.4671,0.03,0.1,0,0,0.1238
삼성KODEX삼성전자단일종목레버리지증권상장지수투자신탁[주식-파생형],주식파생형,2026-05-26,K55105EV6349,0.269,0.001,0.01,0.01,0.29,0.3342,0.02,0.31,0,0,0.2607
삼성KODEX삼성전자채권혼합증권상장지수투자신탁[채권혼합],혼합채권형,2022-11-28,K55105DX9797,0.059,0.001,0.005,0.005,0.07,0.4671,0.07,0.14,0,0,0.0235
삼성KODEX성장주증권상장지수투자신탁[주식형],주식형,2019-05-30,K55105CP4609,0.259,0.001,0.02,0.02,0.3,0.4191,0.06,0.36,0,0,0.0647
삼성KODEX신재생에너지액티브증권상장지수투자신탁[주식],주식형,2021-05-24,K55105DH2776,0.459,0.001,0.02,0.02,0.5,0.4191,0.06,0.56,0,0,0.0571
삼성KODEX아시아AI반도체exChina액티브증권상장지수투자신탁[주식],주식형,2023-01-30,K55105DX9912,0.459,0.001,0.02,0.02,0.5,0.4191,0.13,0.63,0,0,0.2577
삼성KODEX아시아달러채권ESG플러스액티브증권상장지수투자신탁[채권],채권형,2022-08-03,K55105DR4770,0.139,0.001,0.02,0.02,0.18,0.1248,0.05,0.23,0,0,0.0019
삼성KODEX에너지화학증권상장지수투자신탁[주식],주식형,2009-10-09,KR5105166692,0.389,0.001,0.02,0.04,0.45,0.4191,0.01,0.46,0,0,0.0197
삼성KODEX우량주증권상장지수투자신탁[주식],주식형,2017-07-10,K55105BQ9418,0.259,0.001,0.02,0.02,0.3,0.4191,0.05,0.35,0,0,0.0549
삼성KODEX운송증권상장지수투자신탁[주식],주식형,2011-04-25,KR5105A23632,0.389,0.001,0.02,0.04,0.45,0.4191,0.02,0.47,0,0,0.0614
삼성KODEX원자력SMR증권상장지수투자신탁[주식],주식형,2025-09-15,K55105EN0391,0.409,0.001,0.02,0.02,0.45,0.4191,0.07,0.52,0,0,0.0794
삼성KODEX웹툰&드라마증권상장지수투자신탁[주식],주식형,2021-07-29,K55105DI5380,0.409,0.001,0.02,0.02,0.45,0.4191,0.07,0.52,0,0,0.0809
삼성KODEX유럽명품TOP10STOXX증권상장지수투자신탁[주식],주식형,2023-04-21,K55105E16996,0.409,0.001,0.02,0.02,0.45,0.4191,0.08,0.53,0,0,0.0245
삼성KODEX은선물특별자산상장지수투자신탁(은-파생형)(H),특별자산파생,2011-07-14,KR5105A43069,0.599,0.001,0.04,0.04,0.68,0.3342,0.05,0.73,0,0,0.0974
삼성KODEX은행증권상장지수투자신탁[주식],주식형,2006-06-26,KR5105578193,0.259,0.001,0.02,0.02,0.3,0.4191,0.01,0.31,0,0,0.0234
삼성KODEX인도Nifty50레버리지증권상장지수투자신탁[주식-파생형](합성),주식파생형,2023-04-19,K55105E00685,0.369,0.001,0.01,0.01,0.39,0.3342,0.08,0.47,0,0,0.0046
삼성KODEX인도Nifty50증권상장지수투자신탁[주식-파생형],주식파생형,2023-04-19,K55105E00263,0.169,0.001,0.01,0.01,0.19,0.3342,0.08,0.27,0,0,0.0229
삼성KODEX인도Nifty미드캡100증권상장지수투자신탁[주식-파생형],주식파생형,2025-04-04,K55105EG1976,0.419,0.001,0.02,0.01,0.45,0.3342,0.33,0.78,0,0,0.0475
삼성KODEX인도타타그룹증권상장지수투자신탁[주식-파생형],주식파생형,2024-05-07,K55105E89613,0.419,0.001,0.02,0.01,0.45,0.3342,0.09,0.54,0,0,0.0342
삼성KODEX인버스증권상장지수투자신탁[주식-파생형],주식파생형,2009-09-14,KR5105152130,0.599,0.001,0.02,0.02,0.64,0.3342,0.03,0.67,0,0,0.2257
삼성KODEX일본TOPIX100증권상장지수투자신탁[주식],주식형,2008-02-19,KR5105797835,0.169,0.001,0.01,0.01,0.19,0.4191,0.21,0.4,0,0,0.0995
삼성KODEX일본부동산리츠부동산상장지수투자신탁[REITs-파생재간접형](H),부동산파생형,2020-05-08,K55105D15578,0.259,0.001,0.02,0.02,0.3,0.3342,0.13,0.43,0,0,0.095
삼성KODEX자동차증권상장지수투자신탁[주식],주식형,2006-06-26,KR5105578177,0.389,0.001,0.02,0.04,0.45,0.4191,0.01,0.46,0,0,0.0361
삼성KODEX자율주행액티브증권상장지수투자신탁[주식],주식형,2021-05-24,K55105DH2784,0.459,0.001,0.02,0.02,0.5,0.4191,0.06,0.56,0,0,0.0595
삼성KODEX장기종합채권(AA-이상)액티브증권상장지수투자신탁[채권],채권형,2020-09-24,K55105D79160,0.034,0.001,0.005,0.005,0.045,0.1248,0.02,0.06,0,0,0.0128
삼성KODEX적격TDF2030액티브증권상장지수투자신탁[채권혼합-재간접형],재간접형,2022-06-28,K55105DT5353,0.179,0.001,0.01,0.01,0.2,0.7055,0.06,0.26,0,0,0.0629
삼성KODEX적격TDF2040액티브증권상장지수투자신탁[주식혼합-재간접형],재간접형,2022-06-28,K55105DT5361,0.229,0.001,0.01,0.01,0.25,0.7055,0.06,0.31,0,0,0.1004
삼성KODEX적격TDF2050액티브증권상장지수투자신탁[주식혼합-재간접형],재간접형,2022-06-28,K55105DT5379,0.279,0.001,0.01,0.01,0.3,0.7055,0.06,0.36,0,0,0.0794
삼성KODEX적격TDF2060액티브증권상장지수투자신탁[주식혼합-재간접형],재간접형,2025-07-18,K55105EI4473,0.279,0.001,0.01,0.01,0.3,0.7055,0.06,0.36,0,0,0.1192
삼성KODEX전고체배터리ESSTOP2플러스증권상장지수투자신탁[주식],주식형,2026-06-22,K55105EW2453,0.469,0.001,0.02,0.01,0.5,0.4191,0.01,0.51,0,0,0.0071
삼성KODEX조선TOP10증권상장지수투자신탁[주식],주식형,2025-10-27,K55105EM8924,0.409,0.001,0.02,0.02,0.45,0.4191,0.05,0.5,0,0,0.0336
삼성KODEX종합채권(AA-이상)액티브증권상장지수투자신탁[채권],채권형,2017-06-16,K55105BR0838,0.034,0.001,0.005,0.005,0.045,0.1248,0.01,0.06,0,0,0.0278
삼성KODEX주주환원고배당주증권상장지수투자신탁[주식],주식형,2026-01-19,K55105EQ8490,0.289,0.001,0.02,0.02,0.33,0.4191,0.04,0.37,0,0,0.1426
삼성KODEX증권주증권상장지수투자신탁[주식],주식형,2008-05-28,KR5105837847,0.389,0.001,0.02,0.04,0.45,0.4191,0.01,0.46,0,0,0.0371
삼성KODEX차이나2차전지MSCI증권상장지수투자신탁[주식-파생형](합성),주식파생형,2022-03-18,K55105DQ0258,0.229,0.001,0.01,0.01,0.25,0.3342,0.07,0.32,0,0,0
삼성KODEX차이나AI반도체TOP10증권상장지수투자신탁[주식],주식형,2026-02-24,K55105ER7772,0.509,0.001,0.03,0.01,0.55,0.4191,0.05,0.6,0,0,0.2884
삼성KODEX차이나AI테크액티브증권상장지수투자신탁[주식],주식형,2022-05-13,K55105DS5081,0.459,0.001,0.02,0.02,0.5,0.4191,0.16,0.66,0,0,0.6696
삼성KODEX차이나CSI300증권상장지수투자신탁[주식-파생형],주식파생형,2017-11-29,K55105BZ2610,0.059,0.001,0.04,0.02,0.12,0.3342,0.1,0.22,0,0,0.0285
삼성KODEX차이나FTSEChinaA50증권상장지수자투자신탁[주식-파생형],주식파생형,2013-01-09,KR5105AE5728,0.089,0.001,0.01,0.02,0.12,0.3342,0.21,0.33,0,0,0.0934
삼성KODEX차이나H레버리지증권상장지수투자신탁[주식-파생형](H),주식파생형,2014-09-11,KR5105AV0181,0.559,0.001,0.04,0.04,0.64,0.3342,0.15,0.79,0,0,0.2247
삼성KODEX차이나H증권상장지수투자신탁[주식],주식형,2007-10-09,KR5105745933,0.069,0.001,0.03,0.02,0.12,0.4191,0.12,0.24,0,0,0.1161
삼성KODEX차이나과창판STAR50증권상장지수투자신탁[주식-파생형](합성),주식파생형,2022-01-11,K55105DF0137,0.069,0.001,0.01,0.01,0.09,0.3342,0.06,0.15,0,0,0
삼성KODEX차이나심천ChiNext증권상장지수투자신탁[주식-파생형](합성),주식파생형,2016-11-07,K55105BI6737,0.429,0.001,0.02,0.02,0.47,0.3342,0.07,0.54,0,0,0
삼성KODEX차이나테크TOP10증권상장지수투자신탁[주식],주식형,2025-06-13,K55105EK8991,0.414,0.001,0.025,0.01,0.45,0.4191,0.08,0.53,0,0,0.1801
삼성KODEX차이나항셍테크증권상장지수투자신탁[주식],주식형,2020-12-14,K55105DB9181,0.079,0.001,0.02,0.02,0.12,0.4191,0.11,0.23,0,0,0.1963
삼성KODEX차이나휴머노이드로봇증권상장지수투자신탁[주식],주식형,2025-05-12,K55105EJ5511,0.404,0.001,0.035,0.01,0.45,0.4191,0.1,0.55,0,0,0.2803
삼성KODEX철강증권상장지수투자신탁[주식],주식형,2009-10-29,KR5105171510,0.389,0.001,0.02,0.04,0.45,0.4191,0.01,0.46,0,0,0.1011
삼성KODEX최소변동성증권상장지수투자신탁[주식],주식형,2017-10-16,K55105BW6671,0.259,0.001,0.02,0.02,0.3,0.4191,0.05,0.35,0,0,0.1173
삼성KODEX친환경조선해운액티브증권상장지수투자신탁[주식],주식형,2022-11-10,K55105DW7461,0.459,0.001,0.02,0.02,0.5,0.4191,0.06,0.56,0,0,0.0425
삼성KODEX코리아배당성장증권상장지수투자신탁[주식],주식형,2014-12-16,KR5105AX7259,0.129,0.001,0.01,0.01,0.15,0.4191,0.03,0.18,0,0,0.0356
삼성KODEX코리아배당성장채권혼합증권상장지수투자신탁[채권혼합],혼합채권형,2016-01-26,K55105B99147,0.159,0.001,0.01,0.02,0.19,0.4671,0.04,0.23,0,0,0.1194
삼성KODEX코리아밸류업증권상장지수투자신탁[주식],주식형,2024-11-01,K55105EF9186,0.001,0.001,0.003,0.003,0.008,0.4191,0.02,0.02,0,0,0.1429
삼성KODEX코리아소버린AI증권상장지수투자신탁[주식],주식형,2025-10-20,K55105EN8626,0.409,0.001,0.02,0.02,0.45,0.4191,0.05,0.5,0,0,0.0892
삼성KODEX코리아적격TDF2065액티브증권상장지수투자신탁[주식혼합-재간접형],재간접형,2026-08-24,K55105EY1149,0.239,0.001,0.02,0.01,0.27,0.7055,0,0.27,0,0,0.0284
삼성KODEX코리아혁신성장액티브증권상장지수투자신탁[주식],주식형,2020-12-23,K55105DC4892,0.459,0.001,0.02,0.02,0.5,0.4191,0.06,0.56,0,0,0.0838
삼성KODEX코스닥150레버리지증권상장지수투자신탁[주식-파생형],주식파생형,2015-12-16,K55105B91912,0.599,0.001,0.02,0.02,0.64,0.3342,0.03,0.67,0,0,0.5881
삼성KODEX코스닥150롱코스피200숏선물증권상장지수투자신탁[주식-파생형],주식파생형,2020-08-20,K55105D60640,0.599,0.001,0.02,0.02,0.64,0.3342,0.04,0.68,0,0,0.3433
삼성KODEX코스닥150인버스증권상장지수투자신탁[주식-파생형],주식파생형,2016-08-09,K55105BF4255,0.599,0.001,0.02,0.02,0.64,0.3342,0.04,0.68,0,0,0.3114
삼성KODEX코스닥150증권상장지수투자신탁[주식],주식형,2015-09-30,K55105B74603,0.209,0.001,0.02,0.02,0.25,0.4191,0.03,0.28,0,0,0.046
삼성KODEX코스닥글로벌증권상장지수투자신탁[주식],주식형,2023-06-28,K55105E22598,0.069,0.001,0.01,0.01,0.09,0.4191,0.03,0.12,0,0,0.051
삼성KODEX코스피100증권상장지수투자신탁[주식],주식형,2016-01-26,K55105B98537,0.109,0.001,0.02,0.02,0.15,0.4191,0.01,0.16,0,0,0.0552
삼성KODEX코스피TotalReturn증권상장지수투자신탁[주식],주식형,2020-07-20,K55105D41822,0.049,0.001,0.01,0.01,0.07,0.4191,0.03,0.1,0,0,0.0088
삼성KODEX코스피대형주증권상장지수투자신탁[주식],주식형,2019-11-13,K55105CX1886,0.109,0.001,0.02,0.02,0.15,0.4191,0.01,0.16,0,0,0.0107
삼성KODEX콩선물특별자산상장지수투자신탁[콩-파생형](H),특별자산파생,2011-03-11,KR5105A08930,0.599,0.001,0.04,0.04,0.68,0.3342,0.06,0.74,0,0,0.1678
삼성KODEX퀄리티PLUS증권상장지수투자신탁[주식],주식형,2016-05-12,K55105BD0578,0.259,0.001,0.02,0.02,0.3,0.4191,0.05,0.35,0,0,0.0863
삼성KODEX테슬라밸류체인FactSet증권상장지수투자신탁[주식-파생형],주식파생형,2023-06-05,K55105E22382,0.159,0.001,0.01,0.01,0.18,0.3342,0.11,0.29,0,0,0.084
삼성KODEX테슬라커버드콜채권혼합액티브증권상장지수투자신탁[채권혼합-파생형],혼합채권파생형,2024-01-19,K55105E76727,0.364,0.001,0.015,0.01,0.39,0.3342,0.09,0.48,0,0,0.0415
삼성KODEX한국대만IT프리미어증권상장지수투자신탁[주식-파생형],주식파생형,2018-06-07,K55105C75384,0.459,0.001,0.05,0.04,0.55,0.3342,0.09,0.64,0,0,0.096
삼성KODEX한국부동산리츠인프라부동산상장지수투자신탁[재간접형],부동산,2024-03-04,K55105E84051,0.069,0.001,0.01,0.01,0.09,0.5799,0.03,0.12,0,0,0.0292
삼성KODEX한중반도체증권상장지수투자신탁[주식-파생형](합성),주식파생형,2022-12-20,K55105DY8616,0.229,0.001,0.01,0.01,0.25,0.3342,0.05,0.3,0,0,0
삼성KODEX한중전기차증권상장지수투자신탁[주식-파생형](합성),주식파생형,2022-12-20,K55105DY8624,0.229,0.001,0.01,0.01,0.25,0.3342,0.05,0.3,0,0,0
삼성KODEX합성-미국 바이오테크증권상장지수투자신탁[주식-파생형],주식파생형,2013-10-30,KR5105AL9630,0.209,0.001,0.02,0.02,0.25,0.3342,0.08,0.33,0,0,0.0093
삼성KODEX헬스케어증권상장지수투자신탁[주식],주식형,2017-03-27,K55105BM4843,0.069,0.001,0.01,0.01,0.09,0.4191,0.01,0.1,0,0,0.0415
삼성KODEX혁신기술테마액티브증권상장지수투자신탁[주식],주식형,2020-09-28,K55105D92619,0.259,0.001,0.02,0.02,0.3,0.4191,0.01,0.31,0,0,0.0253
삼성KODEX현대차로보틱스밸류체인TOP3플러스증권상장지수투자신탁[주식],주식형,2026-06-05,K55105EV4203,0.469,0.001,0.02,0.01,0.5,0.4191,0.02,0.52,0,0,0.0124
신한SOL200TOP10증권상장지수투자신탁[주식],주식형,2021-12-08,K55210DP5615,0.129,0.001,0.01,0.01,0.15,0.4191,0.05,0.2,0,0,0.0353
신한SOL200TotalReturn증권상장지수투자신탁[주식],주식형,2018-04-20,K55210C54247,0.003,0.001,0.004,0.002,0.01,0.4191,0.02,0.03,0,0,0.0113
신한SOL200타겟위클리커버드콜증권상장지수투자신탁[주식-파생형],주식파생형,2026-03-16,K55210ES7153,0.25,0.01,0.02,0.02,0.3,0.3342,0.02,0.32,0,0,0.025
신한SOL26-12회사채(AA-이상)액티브증권상장지수투자신탁[채권],채권형,2024-10-07,K55210EC9603,0.039,0.001,0.005,0.005,0.05,0.1248,0.02,0.07,0,0,0.0237
신한SOL27-12회사채(AA-이상)액티브증권상장지수투자신탁[채권],채권형,2025-08-18,K55210EM3463,0.039,0.001,0.005,0.005,0.05,0.1248,0.02,0.07,0,0,0.0083
신한SOL2차전지소부장Fn증권상장지수투자신탁[주식],주식형,2023-04-24,K55210E15681,0.4,0.01,0.02,0.02,0.45,0.4191,0.06,0.51,0,0,0.0173
신한SOLAI반도체TOP2플러스증권상장지수투자신탁[주식],주식형,2026-03-16,K55210ES7146,0.4,0.01,0.02,0.02,0.45,0.4191,0.03,0.48,0,0,0.0292
신한SOLAI반도체소부장증권상장지수투자신탁[주식],주식형,2023-04-24,K55210E09965,0.4,0.01,0.02,0.02,0.45,0.4191,0.06,0.51,0,0,0.0244
신한SOLCD금리&머니마켓액티브증권상장지수투자신탁[채권],채권형,2024-11-25,K55210EF7273,0.039,0.001,0.005,0.005,0.05,0.1248,0.02,0.07,0,0,0.0011
신한SOLKIS단기통안채증권상장지수투자신탁[채권],채권형,2020-09-08,K55210D56182,0.04,0.01,0.01,0.01,0.07,0.1248,0.04,0.11,0,0,0.0035
신한SOLKRX300증권상장지수투자신탁[주식],주식형,2018-03-23,K55210C43489,0.029,0.001,0.01,0.01,0.05,0.4191,0.04,0.09,0,0,0.0048
신한SOLKRX기후변화솔루션증권상장지수투자신탁[주식],주식형,2021-10-28,K55210DO1706,0.109,0.001,0.02,0.02,0.15,0.4191,0.1,0.25,0,0,0.0428
신한SOLK방산증권상장지수투자신탁[주식],주식형,2024-09-30,K55210EE0741,0.4,0.01,0.02,0.02,0.45,0.4191,0.08,0.53,0,0,0.027
신한SOLSK하이닉스단일종목레버리지증권상장지수투자신탁[주식-파생형],주식파생형,2026-05-26,K55210EV5947,0.089,0.001,0.005,0.005,0.1,0.3342,0.02,0.12,0,0,0.3294
신한SOLSK하이닉스선물단일종목인버스2X증권상장지수투자신탁[주식-파생형],주식파생형,2026-05-26,K55210EV5962,0.089,0.001,0.005,0.005,0.1,0.3342,0.02,0.12,0,0,0.7076
신한SOL국고채10년증권상장지수투자신탁[채권],채권형,2022-09-05,K55210DW6804,0.039,0.001,0.005,0.005,0.05,0.1248,0.02,0.07,0,0,0.0029
신한SOL국고채30년액티브증권상장지수투자신탁[채권],채권형,2024-01-15,K55210E79489,0.039,0.001,0.005,0.005,0.05,0.1248,0.06,0.11,0,0,0.0027
신한SOL국고채3년증권상장지수투자신탁[채권],채권형,2022-09-05,K55210DW6796,0.039,0.001,0.005,0.005,0.05,0.1248,0.03,0.08,0,0,0.0038
신한SOL국제금커버드콜액티브특별자산상장지수투자신탁[금-파생재간접형],특별자산파생,2025-03-07,K55210EH0144,0.4,0.01,0.02,0.02,0.45,0.3342,0.11,0.56,0,0,0.1138
신한SOL국제금특별자산상장지수투자신탁[금-재간접형],특별자산,2025-06-13,K55210EK7169,0.034,0.001,0.01,0.005,0.05,0.5335,0.1,0.15,0,0,0.2482
신한SOL글로벌AI반도체탑픽액티브증권상장지수투자신탁[주식],주식형,2022-04-08,K55210DS2478,0.49,0.01,0.025,0.025,0.55,0.4191,0.1,0.65,0,0,0.1429
신한SOL글로벌탄소배출권선물ICE특별자산상장지수투자신탁[탄소배출권-파생형](합성),특별자산파생,2021-09-28,K55210DN2358,0.48,0.01,0.03,0.03,0.55,0.3342,0.27,0.82,0,0,0
신한SOL금융지주플러스고배당증권상장지수투자신탁[주식],주식형,2024-06-24,K55210EB4720,0.25,0.01,0.02,0.02,0.3,0.4191,0.06,0.36,0,0,0.0056
신한SOL머니마켓액티브증권상장지수투자신탁[채권],채권형,2024-06-24,K55210EB3979,0.039,0.001,0.005,0.005,0.05,0.1248,0.04,0.09,0,0,0.0046
신한SOL미국30년국채액티브증권상장지수투자신탁[채권](H),채권형,2023-07-07,K55210E40440,0.039,0.001,0.005,0.005,0.05,0.1248,0.04,0.09,0,0,0.0048
신한SOL미국30년국채커버드콜증권상장지수투자신탁[채권-파생형](합성),채권파생형,2023-12-26,K55210E76444,0.2,0.01,0.02,0.02,0.25,0.3342,0.1,0.35,0,0,0
신한SOL미국500타켓데일리커버드콜액티브증권상장지수투자신탁[주식-파생형],주식파생형,2024-10-11,K55210EC9637,0.3,0.01,0.02,0.02,0.35,0.3342,0.21,0.56,0,0,0.061
신한SOL미국AI반도체칩메이커증권상장지수투자신탁[주식],주식형,2024-04-12,K55210E99222,0.4,0.01,0.02,0.02,0.45,0.4191,0.08,0.53,0,0,0.2607
신한SOL미국AI소프트웨어증권상장지수투자신탁[주식],주식형,2024-05-10,K55210EA9985,0.4,0.01,0.02,0.02,0.45,0.4191,0.1,0.55,0,0,0.1921
신한SOL미국AI전력인프라증권상장지수투자신탁[주식],주식형,2024-07-12,K55210EC2509,0.4,0.01,0.02,0.02,0.45,0.4191,0.1,0.55,0,0,0.1898
신한SOL미국S&P500ESG증권상장지수투자신탁[주식],주식형,2021-09-10,K55210DM8224,0.089,0.001,0.03,0.03,0.15,0.4191,0.07,0.22,0,0,0.0654
신한SOL미국S&P500미국채혼합50증권상장지수투자신탁[채권혼합],혼합채권형,2025-07-11,K55210EL7325,0.109,0.001,0.02,0.02,0.15,0.4671,0.26,0.41,0,0,0.0803
신한SOL미국S&P500엔화노출증권상장지수투자신탁[주식-파생형](H),주식파생형,2024-11-29,K55210EF7513,0.1,0.01,0.02,0.02,0.15,0.3342,0.7,0.85,0,0,0.0634
신한SOL미국S&P500증권상장지수투자신탁[주식],주식형,2022-06-17,K55210DU6020,0.0001,0.0001,0.0035,0.001,0.0047,0.4191,0.07,0.08,0,0,0.063
신한SOL미국TOP5채권혼합50증권상장지수투자신탁[채권혼합],혼합채권형,2022-11-25,K55210DY4419,0.21,0.01,0.01,0.02,0.25,0.4671,0.11,0.36,0,0,0.0465
신한SOL미국나스닥100증권상장지수투자신탁[주식],주식형,2024-03-08,K55210E88118,0.0001,0.0001,0.005,0.0003,0.0055,0.4191,0.09,0.1,0,0,0.0993
신한SOL미국넥스트테크TOP10액티브증권상장지수투자신탁[주식],주식형,2025-10-24,K55210EN6374,0.5,0.01,0.02,0.02,0.55,0.4191,0.13,0.68,0,0,0.6739
신한SOL미국배당다우존스2호증권상장지수투자신탁[주식],주식형,2024-10-04,K55210EE8074,0.003,0.001,0.003,0.003,0.01,0.4191,0.08,0.09,0,0,0.1081
신한SOL미국배당다우존스증권상장지수투자신탁[주식],주식형,2022-11-11,K55210DY2868,0.003,0.001,0.003,0.003,0.01,0.4191,0.06,0.07,0,0,0.0998
신한SOL미국배당다우존스증권상장지수투자신탁[주식](H),주식형,2023-03-17,K55210E06284,0.034,0.001,0.01,0.005,0.05,0.4191,0.07,0.12,0,0,0.1204
신한SOL미국배당미국채혼합50증권상장지수투자신탁[채권혼합],혼합채권형,2024-09-20,K55210EE0519,0.109,0.001,0.02,0.02,0.15,0.4671,0.07,0.22,0,0,0.0703
신한SOL미국양자컴퓨팅TOP10증권상장지수투자신탁[주식],주식형,2025-03-07,K55210EE4925,0.39,0.01,0.03,0.02,0.45,0.4191,0.09,0.54,0,0,0.2712
신한SOL미국우주항공TOP10증권상장지수투자신탁[주식],주식형,2026-04-17,K55210ET5800,0.4,0.01,0.02,0.02,0.45,0.4191,0.04,0.49,0,0,0.305
신한SOL미국원자력SMR증권상장지수투자신탁[주식],주식형,2025-05-16,K55210EJ6834,0.4,0.01,0.02,0.02,0.45,0.4191,0.1,0.55,0,0,0.2001
신한SOL미국테크TOP10증권상장지수투자신탁[주식],주식형,2024-05-17,K55210EB0009,0.029,0.001,0.01,0.01,0.05,0.4191,0.09,0.14,0,0,0.1019
신한SOL반도체전공정증권상장지수투자신탁[주식],주식형,2024-02-13,K55210E84638,0.4,0.01,0.02,0.02,0.45,0.4191,0.06,0.51,0,0,0.0263
신한SOL반도체후공정증권상장지수투자신탁[주식],주식형,2024-02-13,K55210E84646,0.4,0.01,0.02,0.02,0.45,0.4191,0.06,0.51,0,0,0.0449
신한SOL배당성향탑픽액티브증권상장지수투자신탁[주식],주식형,2026-01-12,K55210ER5141,0.25,0.01,0.02,0.02,0.3,0.4191,0.04,0.34,0,0,0.0667
신한SOL우주항공밸류체인증권상장지수투자신탁[주식],주식형,2026-06-15,K55210EV7778,0.42,0.01,0.01,0.01,0.45,0.4191,0.02,0.47,0,0,0.0055
신한SOL유럽탄소배출권선물S&P특별자산상장지수투자신탁[탄소배출권-파생형](H),특별자산파생,2021-09-28,K55210DN2341,0.48,0.01,0.03,0.03,0.55,0.3342,0.28,0.83,0,0,0.0434
신한SOL의료기기소부장Fn증권상장지수투자신탁[주식],주식형,2023-08-21,K55210E48559,0.4,0.01,0.02,0.02,0.45,0.4191,0.06,0.51,0,0,0.0552
신한SOL자동차TOP3플러스증권상장지수투자신탁[주식],주식형,2023-10-04,K55210E57717,0.4,0.01,0.02,0.02,0.45,0.4191,0.06,0.51,0,0,0.0413
신한SOL자동차소부장Fn증권상장지수투자신탁[주식],주식형,2023-08-21,K55210E48609,0.4,0.01,0.02,0.02,0.45,0.4191,0.07,0.52,0,0,0.0506
신한SOL전고체배터리&실리콘음극재증권상장지수투자신탁[주식],주식형,2025-01-06,K55210EG4402,0.4,0.01,0.02,0.02,0.45,0.4191,0.06,0.51,0,0,0.0413
신한SOL조선TOP3플러스레버리지증권상장지수투자신탁[주식-파생형],주식파생형,2025-07-11,K55210EL7416,0.45,0.01,0.02,0.02,0.5,0.3342,0.06,0.56,0,0,0.4985
신한SOL조선TOP3플러스증권상장지수투자신탁[주식],주식형,2023-10-04,K55210E57725,0.4,0.01,0.02,0.02,0.45,0.4191,0.06,0.51,0,0,0.0313
신한SOL조선기자재증권상장지수투자신탁[주식],주식형,2025-12-15,K55210EQ3030,0.4,0.01,0.02,0.02,0.45,0.4191,0.05,0.5,0,0,0.0197
신한SOL종합채권(AA-이상)액티브증권상장지수투자신탁[채권],채권형,2022-08-05,K55210DV5914,0.029,0.001,0.005,0.005,0.04,0.1248,0.01,0.05,0,0,0.0078
신한SOL중기종합채권(AA-이상)액티브증권상장지수투자신탁[채권],채권형,2025-12-15,K55210EQ3055,0.039,0.001,0.005,0.005,0.05,0.1248,0.02,0.07,0,0,0.0046
신한SOL중단기회사채(A-이상)액티브증권상장지수투자신탁[채권],채권형,2025-02-17,K55210EH5770,0.039,0.001,0.005,0.005,0.05,0.1248,0.02,0.07,0,0,0.0037
신한SOL차이나강소기업CSI500증권상장지수투자신탁(주식-파생형)(합성H),주식파생형,2015-06-05,K55210B21701,0.5,0.045,0.025,0.03,0.6,0.3342,0.15,0.75,0,0,0
신한SOL차이나소비트렌드증권상장지수투자신탁[주식],주식형,2025-11-21,K55210EP5036,0.4,0.01,0.02,0.02,0.45,0.4191,0.25,0.7,0,0,0.2159
신한SOL차이나육성산업액티브증권상장지수투자신탁[주식혼합-파생형](합성),혼합주식파생형,2022-01-11,K55210DQ3494,0.49,0.01,0.025,0.025,0.55,0.3342,0.07,0.62,0,0,0.0056
신한SOL차이나태양광CSI증권상장지수투자신탁[주식혼합-파생형](합성),혼합주식파생형,2021-12-20,K55210DP7488,0.44,0.01,0.025,0.025,0.5,0.3342,0.29,0.79,0,0,0.0129
신한SOL초단기채권액티브증권상장지수투자신탁[채권],채권형,2023-11-06,K55210E67161,0.039,0.001,0.005,0.005,0.05,0.1248,0.01,0.06,0,0,0.0098
신한SOL코리아고배당증권상장지수투자신탁[주식],주식형,2025-09-22,K55210EN5491,0.109,0.001,0.02,0.02,0.15,0.4191,0.05,0.2,0,0,0.0454
신한SOL코리아메가테크액티브증권상장지수투자신탁[주식],주식형,2022-10-17,K55210DX6936,0.5,0.01,0.02,0.02,0.55,0.4191,0.08,0.63,0,0,0.0574
신한SOL코리아밸류업TotalReturn증권상장지수투자신탁[주식],주식형,2024-11-01,K55210EF9550,0.039,0.001,0.005,0.005,0.05,0.4191,0.02,0.07,0,0,0.0392
신한SOL코스닥150증권상장지수투자신탁[주식],주식형,2023-01-30,K55210DZ4459,0.109,0.001,0.02,0.02,0.15,0.4191,0.04,0.19,0,0,0.0197
신한SOL코스닥TOP10증권상장지수투자신탁[주식],주식형,2026-05-18,K55210EU9981,0.129,0.001,0.01,0.01,0.15,0.4191,0.02,0.17,0,0,0.0045
신한SOL코스피200채권혼합50증권상장지수투자신탁[채권혼합],혼합채권형,2026-05-18,K55210EU9643,0.129,0.001,0.01,0.01,0.15,0.4671,0.02,0.17,0,0,0.0072
신한SOL팔란티어미국채커버드콜혼합증권상장지수투자신탁[채권혼합-파생재간접형],재간접파생형,2025-04-18,K55210EI9243,0.3,0.01,0.02,0.02,0.35,0.3342,0.1,0.45,0,0,0.3491
신한SOL팔란티어커버드콜OTM채권혼합증권상장지수투자신탁[채권혼합-파생형],혼합채권파생형,2025-04-18,K55210EI9250,0.3,0.01,0.02,0.02,0.35,0.3342,0.09,0.44,0,0,0.3132
신한SOL한국AI소프트웨어증권상장지수투자신탁[주식],주식형,2025-09-22,K55210EN5913,0.4,0.01,0.02,0.02,0.45,0.4191,0.08,0.53,0,0,0.0197
신한SOL한국원자력SMR증권상장지수투자신탁[주식],주식형,2025-08-18,K55210EM3158,0.4,0.01,0.02,0.02,0.45,0.4191,0.06,0.51,0,0,0.0278
신한SOL한국형글로벌전기차&2차전지액티브증권상장지수투자신탁[주식],주식형,2022-06-10,K55210DU0411,0.49,0.01,0.025,0.025,0.55,0.4191,0.44,0.99,0,0,0.0604
신한SOL화장품TOP3플러스증권상장지수투자신탁[주식],주식형,2025-01-20,K55210EG9039,0.4,0.01,0.02,0.02,0.45,0.4191,0.06,0.51,0,0,0.0335
IBKIBK200증권상장지수투자신탁[주식],주식형,2023-12-20,K55234E63129,0.05,0.01,0.01,0.01,0.08,0.4191,0.02,0.1,0,0,0.009
IBKIBKK-AI반도체코어테크증권상장지수투자신탁[주식],주식형,2025-01-20,K55234EG3166,0.25,0.01,0.01,0.01,0.28,0.4191,0.06,0.34,0,0,0.0647
IBKIBK미국AITOP10국채혼합50증권상장지수투자신탁[채권혼합],혼합채권형,2026-04-24,K55234ES8484,0.2,0.01,0.02,0.02,0.25,0.4671,0.03,0.28,0,0,0.0374
IBKIBK중기종합채권(AA-이상)액티브증권상장지수투자신탁[채권],채권형,2025-12-15,K55234EP3298,0.03,0.001,0.005,0.005,0.041,0.1248,0.02,0.06,0,0,0.0042
IBKIBK초단기채권액티브증권상장지수투자신탁[채권],채권형,2026-07-20,K55234EV3266,0.039,0.001,0.005,0.005,0.05,0.1248,0.01,0.06,0,0,0.0002
IBKIBK코스닥150증권상장지수투자신탁[주식],주식형,2026-05-18,K55234ET9176,0.07,0.01,0.015,0.01,0.105,0.4191,0.03,0.13,0,0,0.006
IBKIBK코스피액티브증권상장지수투자신탁[주식],주식형,2026-06-22,K55234ES8492,0.37,0.01,0.02,0.015,0.415,0.4191,0.01,0.42,0,0,0.1032
iM에셋아이엠에셋200증권상장지수투자신탁(주식),주식형,2025-02-10,K55368EH4351,0.031,0.001,0.008,0.01,0.05,0.4191,0.04,0.09,0,0,0.0069
에셋플러스에셋플러스글로벌다이나믹시니어액티브증권상장지수투자신탁(주식),주식형,2023-07-21,K55364E27897,0.94,0.01,0.02,0.02,0.99,0.4191,0.41,1.4,0,0,0.2641
에셋플러스에셋플러스글로벌대장장이액티브증권상장지수투자신탁(주식),주식형,2022-06-24,K55364DP8696,0.94,0.01,0.02,0.02,0.99,0.4191,0.27,1.26,0,0,0.477
에셋플러스에셋플러스글로벌영에이지액티브증권상장지수투자신탁(주식),주식형,2023-01-27,K55364DY2573,0.94,0.01,0.02,0.02,0.99,0.4191,0.31,1.3,0,0,0.2058
에셋플러스에셋플러스글로벌일등기업포커스10액티브증권상장지수투자신탁(주식),주식형,2024-03-15,K55364E79047,0.94,0.01,0.02,0.02,0.99,0.4191,0.13,1.12,0,0,0.3061
에셋플러스에셋플러스글로벌플랫폼액티브증권상장지수투자신탁(주식),주식형,2021-11-12,K55364DO6345,0.94,0.01,0.02,0.02,0.99,0.4191,0.12,1.11,0,0,0.2557
에셋플러스에셋플러스인도일등기업포커스20액티브증권상장지수투자신탁(주식),주식형,2025-02-21,K55364ED4870,0.92,0.01,0.04,0.02,0.99,0.4191,0.27,1.26,0,0,0.2197
에셋플러스에셋플러스차이나일등기업포커스10액티브증권상장지수투자신탁(주식),주식형,2024-01-12,K55364E70822,0.94,0.01,0.02,0.02,0.99,0.4191,0.18,1.17,0,0,0.396
에셋플러스에셋플러스코리아대장장이액티브증권상장지수투자신탁(주식),주식형,2022-09-19,K55364DP6658,0.93,0.01,0.02,0.015,0.975,0.4191,0.06,1.04,0,0,0.2431
에셋플러스에셋플러스코리아플랫폼액티브증권상장지수투자신탁(주식),주식형,2021-11-15,K55364DO6337,0.93,0.01,0.02,0.015,0.975,0.4191,0.07,1.05,0,0,0.2267
NH-Amundi HANARO탄소효율그린뉴딜증권상장지수투자신탁[주식],주식형,2021-02-04,K55232DE0613,0.16,0.01,0.02,0.01,0.2,0.4191,0.07,0.27,0,0,0.0147
NH-AmundiHANARO200TOP10증권상장지수투자신탁(주식),주식형,2021-11-23,K55232DO9372,0.12,0.01,0.01,0.01,0.15,0.4191,0.07,0.22,0,0,0.0116
NH-AmundiHANARO200TotalReturn증권상장지수투자신탁[주식],주식형,2019-08-27,K55232CU2966,0.014,0.001,0.0075,0.0075,0.03,0.4191,0.03,0.06,0,0,0.0076
NH-AmundiHANARO200선물레버리지증권상장지수투자신탁[주식-파생형],주식파생형,2018-08-13,K55232CC8882,0.41,0.01,0.01,0.02,0.45,0.3342,0.03,0.48,0,0,0.1278
NH-AmundiHANARO200선물인버스증권상장지수투자신탁[주식-파생형],주식파생형,2018-09-17,K55232CD6992,0.41,0.01,0.01,0.02,0.45,0.3342,0.16,0.61,0,0,0.1069
NH-AmundiHANARO200증권상장지수투자신탁[주식],주식형,2018-03-29,K55232C57764,0.02,0.001,0.006,0.009,0.036,0.4191,0.02,0.05,0,0,0.0093
NH-AmundiHANARO26-12은행채(AA+이상)액티브증권상장지수투자신탁[채권],채권형,2025-12-15,K55232EQ5039,0.009,0.001,0.005,0.005,0.02,0.1248,0.02,0.04,0,0,0.0008
NH-AmundiHANARO27-06회사채(AA-이상)액티브증권상장지수투자신탁(채권),채권형,2025-08-25,K55232EN3029,0.009,0.001,0.005,0.005,0.02,0.1248,0.02,0.04,0,0,0.0009
NH-AmundiHANARO32-10국고채액티브증권상장지수투자신탁(채권),채권형,2022-11-21,K55232DY8190,0.025,0.005,0.01,0.01,0.05,0.1248,0.03,0.08,0,0,0.0014
NH-AmundiHANAROCAPEX설비투자iSelect증권상장지수투자신탁(주식),주식형,2023-04-17,K55232E17012,0.36,0.05,0.02,0.02,0.45,0.4191,0.07,0.52,0,0,0.0236
NH-AmundiHANAROFn5G산업증권상장지수투자신탁(주식),주식형,2020-10-28,K55232DB8353,0.36,0.05,0.02,0.02,0.45,0.4191,0.07,0.52,0,0,0.0336
NH-AmundiHANAROFnK-POP&미디어증권상장지수투자신탁(주식),주식형,2021-07-29,K55232DL2883,0.36,0.05,0.02,0.02,0.45,0.4191,0.07,0.52,0,0,0.0124
NH-AmundiHANAROFnK-게임증권상장지수투자신탁(주식),주식형,2021-07-29,K55232DL2875,0.36,0.05,0.02,0.02,0.45,0.4191,0.09,0.54,0,0,0.0188
NH-AmundiHANAROFnK-뉴딜디지털플러스증권상장지수투자신탁[주식],주식형,2020-11-09,K55232DB8908,0.36,0.05,0.02,0.02,0.45,0.4191,0.07,0.52,0,0,0.0139
NH-AmundiHANAROFnK-메타버스MZ증권상장지수투자신탁(주식),주식형,2021-10-12,K55232DN6882,0.36,0.05,0.02,0.02,0.45,0.4191,0.13,0.58,0,0,0.0377
NH-AmundiHANAROFnK-반도체증권상장지수투자신탁(주식),주식형,2021-07-29,K55232DL2867,0.36,0.05,0.02,0.02,0.45,0.4191,0.06,0.51,0,0,0.0497
NH-AmundiHANAROFnK-푸드증권상장지수투자신탁(주식),주식형,2022-08-16,K55232DW2039,0.36,0.05,0.02,0.02,0.45,0.4191,0.07,0.52,0,0,0.0174
NH-AmundiHANAROFn골프테마증권상장지수투자신탁(주식),주식형,2021-11-23,K55232DO9380,0.36,0.05,0.02,0.02,0.45,0.4191,0.15,0.6,0,0,0.0221
NH-AmundiHANAROFn전기&수소차증권상장지수투자신탁(주식),주식형,2021-04-01,K55232DH1816,0.36,0.05,0.02,0.02,0.45,0.4191,0.07,0.52,0,0,0.0492
NH-AmundiHANAROFn조선해운증권상장지수투자신탁(주식),주식형,2022-09-14,K55232DV7591,0.36,0.05,0.02,0.02,0.45,0.4191,0.06,0.51,0,0,0.0164
NH-AmundiHANAROFn친환경에너지증권상장지수투자신탁(주식),주식형,2021-04-01,K55232DH1824,0.36,0.05,0.02,0.02,0.45,0.4191,0.1,0.55,0,0,0.0228
NH-AmundiHANAROK-뷰티증권상장지수투자신탁(주식),주식형,2024-04-15,K55232E99861,0.4,0.01,0.02,0.02,0.45,0.4191,0.07,0.52,0,0,0.0141
NH-AmundiHANAROKOFR금리액티브특별자산상장지수투자신탁(금리-파생형)(합성),특별자산파생,2023-03-13,K55232E07666,0.039,0.001,0.005,0.005,0.05,0.3342,0.03,0.08,0,0,0
NH-AmundiHANAROKRX300증권상장지수투자신탁[주식],주식형,2018-08-13,K55232CC8866,0.025,0.005,0.01,0.01,0.05,0.4191,0.08,0.13,0,0,0.0079
NH-AmundiHANAROK고배당증권상장지수투자신탁[주식],주식형,2019-04-22,K55232CN9895,0.02,0.01,0.02,0.02,0.07,0.4191,0.07,0.14,0,0,0.0407
NH-AmundiHANAROK휴머노이드테마TOP10증권상장지수투자신탁[주식],주식형,2026-02-25,K55232ES4162,0.4,0.01,0.02,0.02,0.45,0.4191,0.04,0.49,0,0,0.0252
NH-AmundiHANAROMSCIKoreaTR증권상장지수투자신탁[주식],주식형,2019-08-27,K55232CU2974,0.095,0.005,0.01,0.01,0.12,0.4191,0.06,0.18,0,0,0.0065
NH-AmundiHANAROe커머스증권상장지수투자신탁[주식],주식형,2019-04-22,K55232CN9911,0.36,0.05,0.02,0.02,0.45,0.4191,0.07,0.52,0,0,0.0183
NH-AmundiHANARO글로벌금채굴기업증권상장지수투자신탁[주식],주식형,2024-01-16,K55232E64931,0.09,0.01,0.03,0.02,0.15,0.4191,0.28,0.43,0,0,0.1717
NH-AmundiHANARO글로벌럭셔리S&P증권상장지수투자신탁(파생)(합성),주식파생형,2020-05-11,K55232D37269,0.41,0.05,0.02,0.02,0.5,0.3342,0.08,0.58,0,0,0
NH-AmundiHANARO글로벌생성형AI액티브증권상장지수투자신탁(주식),주식형,2023-07-07,K55232E40014,0.55,0.01,0.02,0.02,0.6,0.4191,0.12,0.72,0,0,0.2893
NH-AmundiHANARO글로벌탄소배출권선물ICE특별자산상장지수투자신탁(탄소배출권-파생형)(합성),특별자산파생,2021-09-29,K55232DN1263,0.41,0.05,0.02,0.02,0.5,0.3342,0.31,0.81,0,0,0.0134
NH-AmundiHANARO글로벌피지컬AI액티브증권상장지수투자신탁(주식),주식형,2025-04-17,K55232EK0689,0.55,0.01,0.02,0.02,0.6,0.4191,0.2,0.8,0,0,0.9629
NH-AmundiHANARO농업융복합산업증권상장지수투자신탁[주식],주식형,2018-12-20,K55232CI1899,0.4,0.06,0.02,0.02,0.5,0.4191,0.14,0.64,0,0,0.0242
NH-AmundiHANARO머니마켓액티브증권상장지수투자신탁(채권),채권형,2024-07-15,K55232EC9151,0.029,0.001,0.005,0.005,0.04,0.1248,0.02,0.06,0,0,0.0015
NH-AmundiHANARO미국AI광통신TOP10증권상장지수투자신탁(주식),주식형,2026-07-10,K55232EW1147,0.4,0.01,0.02,0.02,0.45,0.4191,0.04,0.49,0,0,0.0793
NH-AmundiHANARO미국AI메모리반도체TOP4+증권상장지수투자신탁(주식),주식형,2026-05-08,K55232EU6940,0.4,0.01,0.02,0.02,0.45,0.4191,0.03,0.48,0,0,0.1473
NH-AmundiHANARO미국S&P500액티브증권상장지수투자신탁[주식],주식형,2026-07-31,K55232EX2250,0.44,0.01,0.03,0.02,0.5,0.4191,0.02,0.52,0,0,0.1016
NH-AmundiHANARO미국S&P500증권상장지수투자신탁(주식),주식형,2022-06-07,K55232DU0555,0.02,0.005,0.01,0.01,0.045,0.4191,0.27,0.32,0,0,0.0086
NH-AmundiHANARO바이오코리아액티브증권상장지수투자신탁[주식],주식형,2024-11-25,K55232EF5040,0.45,0.01,0.02,0.02,0.5,0.4191,0.08,0.58,0,0,0.016
NH-AmundiHANARO반도체핵심공정주도주증권상장지수투자신탁(주식),주식형,2024-02-26,K55232E86629,0.4,0.01,0.02,0.02,0.45,0.4191,0.07,0.52,0,0,0.0681
NH-AmundiHANARO원자력iSelect증권상장지수투자신탁(주식),주식형,2022-06-27,K55232DU8475,0.36,0.05,0.02,0.02,0.45,0.4191,0.07,0.52,0,0,0.0108
NH-AmundiHANARO유럽방산증권상장지수투자신탁[주식],주식형,2025-07-25,K55232EM2121,0.3,0.01,0.02,0.02,0.35,0.4191,0.34,0.69,0,0,0.0673
NH-AmundiHANARO전력설비투자증권상장지수투자신탁(주식),주식형,2024-09-23,K55232EE1347,0.3,0.01,0.02,0.02,0.35,0.4191,0.07,0.42,0,0,0.016
NH-AmundiHANARO종합채권(AA-이상)액티브증권상장지수투자신탁(채권),채권형,2023-10-25,K55232E28837,0.009,0.001,0.005,0.005,0.02,0.1248,0.02,0.04,0,0,0.0191
NH-AmundiHANARO중기종합채권(A-이상)액티브증권상장지수투자신탁[채권],채권형,2026-05-18,K55232EV4365,0.039,0.001,0.005,0.005,0.05,0.1248,0.01,0.06,0,0,0.0025
NH-AmundiHANARO증권고배당TOP3플러스증권상장지수투자신탁[주식],주식형,2025-10-27,K55232EP4074,0.04,0.01,0.01,0.01,0.07,0.4191,0.06,0.13,0,0,0.0185
NH-AmundiHANARO코리아밸류업증권상장지수투자신탁[주식],주식형,2024-11-01,K55232EF9588,0.001,0.001,0.003,0.003,0.008,0.4191,0.03,0.04,0,0,0.03
NH-AmundiHANARO코스닥150선물레버리지증권상장지수투자신탁[주식-파생형],주식파생형,2018-09-17,K55232CD6984,0.41,0.01,0.01,0.02,0.45,0.3342,0.25,0.7,0,0,0.1583
NH-AmundiHANARO코스닥150증권상장지수투자신탁[주식],주식형,2018-08-13,K55232CC8874,0.17,0.01,0.01,0.01,0.2,0.4191,0.04,0.24,0,0,0.0172
우리WON200증권상장지수투자신탁(주식),주식형,2022-12-15,K55107DY2526,0.029,0.001,0.01,0.01,0.05,0.4191,0,0.05,0,0,0.0163
우리WONAIESG액티브증권상장지수투자신탁(주식),주식형,2022-01-04,K55107DP6908,0.27,0.01,0.02,0.01,0.31,0.4191,0.07,0.38,0,0,0.0322
우리WONK-글로벌수급상위증권상장지수투자신탁(주식),주식형,2025-08-11,K55107EN0027,0.65,0.01,0.02,0.01,0.69,0.4191,0.06,0.75,0,0,0.2185
우리WON국공채머니마켓액티브증권상장지수투자신탁(채권),채권형,2023-05-26,K55107E28500,0.045,0.01,0.005,0.005,0.065,0.1248,0.02,0.08,0,0,0.0082
우리WON대한민국국고채액티브증권상장지수투자신탁(채권),채권형,2022-05-09,K55107DT5260,0.045,0.01,0.01,0.005,0.07,0.1248,0.02,0.09,0,0,0.0072
우리WON두산그룹포커스증권상장지수투자신탁(주식),주식형,2026-03-30,K55107ET9055,0.29,0.01,0.02,0.01,0.33,0.4191,0.03,0.36,0,0,0.0152
우리WON미국S&P500증권상장지수투자신탁(주식),주식형,2022-09-30,K55107DX3483,0.029,0.001,0.01,0.01,0.05,0.4191,0.11,0.16,0,0,0.1012
우리WON미국빌리어네어증권상장지수투자신탁(주식),주식형,2024-08-30,K55107ED8337,0.44,0.01,0.03,0.01,0.49,0.4191,0.2,0.69,0,0,0.0722
우리WON미국우주항공방산증권상장지수투자신탁(주식),주식형,2022-08-25,K55107DW3997,0.29,0.01,0.03,0.02,0.35,0.4191,0.12,0.47,0,0,0.1389
우리WON반도체밸류체인액티브증권상장지수투자신탁(주식),주식형,2024-01-15,K55107E85195,0.27,0.01,0.02,0.01,0.31,0.4191,0.06,0.37,0,0,0.1221
우리WON삼성전자현대차채권혼합50증권상장지수투자신탁(채권혼합),혼합채권형,2026-06-01,K55107EV6271,0.15,0.01,0.01,0.01,0.18,0.4671,0.01,0.19,0,0,0.0168
우리WON전단채플러스액티브증권상장지수투자신탁(채권),채권형,2024-11-15,K55107EG2030,0.039,0.001,0.005,0.005,0.05,0.1248,0.02,0.07,0,0,0.0058
우리WON종합채권(AA-이상)액티브증권상장지수투자신탁(채권),채권형,2024-08-02,K55107E34441,0.034,0.001,0.005,0.005,0.045,0.1248,0.02,0.06,0,0,0.0165
우리WON중단기종합채권(A-이상)액티브증권상장지수투자신탁(채권),채권형,2026-05-29,K55107EU9953,0.08,0.001,0.005,0.005,0.091,0.1248,0.01,0.1,0,0,0.0016
우리WON초대형IB&금융지주증권상장지수투자신탁(주식),주식형,2026-01-19,K55107EP7079,0.25,0.01,0.02,0.01,0.29,0.4191,0.05,0.34,0,0,0.0073
우리WON피지컬AITOP2플러스액티브증권상장지수투자신탁(주식),주식형,2026-08-03,K55107EX7947,0.45,0.01,0.02,0.01,0.49,0.4191,0.01,0.5,0,0,0.0017
우리WON한국부동산TOP3플러스부동산상장지수투자신탁(재간접형),부동산,2024-04-26,K55107EA8553,0.22,0.01,0.01,0.01,0.25,0.5799,0.06,0.31,0,0,0.0213
유리TREX200증권상장지수투자신탁[주식],주식형,2009-01-22,KR5307905228,0.2,0.08,0.02,0.025,0.325,0.4191,0.03,0.35,0,0,0.02
유리TREX펀더멘탈200증권상장지수투자신탁[주식],주식형,2011-09-22,KR5307A60883,0.2,0.08,0.03,0.03,0.34,0.4191,0.1,0.44,0,0,0.0495
KBRISE200TotalReturn증권상장지수투자신탁(주식),주식형,2020-08-20,K55223D93485,0.001,0.001,0.005,0.005,0.012,0.4191,0.03,0.04,0,0,0.0196
KBRISE200고배당커버드콜ATM증권상장지수투자신탁(주식-파생형),주식파생형,2018-02-26,K55223C37096,0.35,0.01,0.02,0.02,0.4,0.3342,0.05,0.45,0,0,0.186
KBRISE200금융증권상장지수투자신탁(주식),주식형,2017-12-07,K55223C02611,0.14,0.01,0.02,0.02,0.19,0.4191,0.04,0.23,0,0,0.0095
KBRISE200선물레버리지증권상장지수투자신탁(주식-파생형),주식파생형,2016-09-08,K55223BG9631,0.001,0.001,0.01,0.01,0.022,0.3342,0.02,0.04,0,0,0.2873
KBRISE200선물인버스2X증권상장지수투자신탁(주식-파생형),주식파생형,2016-09-21,K55223BH1595,0.001,0.001,0.01,0.01,0.022,0.3342,0.15,0.17,0,0,0.4404
KBRISE200선물인버스증권상장지수투자신탁(주식-파생형),주식파생형,2016-09-08,K55223BG9649,0.001,0.001,0.01,0.01,0.022,0.3342,0.1,0.12,0,0,0.2261
KBRISE200위클리커버드콜증권상장지수투자신탁(주식-파생형),주식파생형,2024-03-04,K55223E88442,0.259,0.001,0.02,0.02,0.3,0.3342,0.03,0.33,0,0,0.3005
KBRISE200증권상장지수투자신탁(주식),주식형,2011-10-19,KR5223A66905,0.001,0.001,0.01,0.005,0.017,0.4191,0.02,0.04,0,0,0.0122
KBRISE200채권혼합50증권상장지수투자신탁(채권혼합),혼합채권형,2013-10-16,KR5223AL4166,0.174,0.001,0.01,0.015,0.2,0.4671,0.07,0.27,0,0,0.0146
KBRISE26-11회사채(AA-이상)액티브증권상장지수투자신탁(채권),채권형,2025-11-17,K55223EP2954,0.039,0.001,0.005,0.005,0.05,0.1248,0.01,0.06,0,0,0.0008
KBRISE2차전지TOP10iSelect증권상장지수투자신탁(주식),주식형,2023-09-11,K55223E57140,0.039,0.001,0.02,0.01,0.07,0.4191,0.07,0.14,0,0,0.0212
KBRISE2차전지TOP10인버스iSelect증권상장지수투자신탁(주식-파생형)(합성),주식파생형,2023-09-07,K55223E57157,0.449,0.001,0.02,0.02,0.49,0.3342,0.08,0.57,0,0,0.006
KBRISE2차전지액티브증권상장지수투자신탁(주식),주식형,2022-04-07,K55223DS8611,0.3,0.01,0.02,0.02,0.35,0.4191,0.06,0.41,0,0,0.1191
KBRISE5대그룹주증권상장지수투자신탁(주식),주식형,2008-10-21,KR5223884903,0.3,0.05,0.02,0.03,0.4,0.4191,0.05,0.45,0,0,0.0325
KBRISEAI&로봇증권상장지수투자신탁(주식),주식형,2023-10-23,K55223E63783,0.35,0.01,0.02,0.02,0.4,0.4191,0.06,0.46,0,0,0.0488
KBRISEAI반도체TOP10증권상장지수투자신탁(주식),주식형,2025-08-25,K55223EM4862,0.159,0.001,0.02,0.02,0.2,0.4191,0.06,0.26,0,0,0.0808
KBRISEAI전력인프라증권상장지수투자신탁(주식),주식형,2025-09-22,K55223EN7310,0.159,0.001,0.02,0.02,0.2,0.4191,0.06,0.26,0,0,0.0353
KBRISEAI플랫폼증권상장지수투자신탁(주식),주식형,2022-05-16,K55223DT7141,0.4,0.01,0.02,0.02,0.45,0.4191,0.07,0.52,0,0,0.0237
KBRISECD금리액티브특별자산상장지수투자신탁(금리-파생형)(합성),특별자산파생,2024-03-25,K55223E89887,0.011,0.001,0.004,0.004,0.02,0.3342,0.02,0.04,0,0,0.0008
KBRISEESG사회책임투자증권상장지수투자신탁(주식),주식형,2018-02-26,K55223C37088,0.25,0.01,0.02,0.02,0.3,0.4191,0.03,0.33,0,0,0.0504
KBRISEFn수소경제테마증권상장지수투자신탁(주식),주식형,2020-10-28,K55223DB4890,0.39,0.01,0.03,0.02,0.45,0.4191,0.06,0.51,0,0,0.0229
KBRISEIT플러스증권상장지수투자신탁(주식),주식형,2019-06-19,K55223CR0578,0.35,0.01,0.02,0.02,0.4,0.4191,0.06,0.46,0,0,0.0361
KBRISEKIS국고채30년Enhanced증권상장지수투자신탁(채권),채권형,2021-05-24,K55223DJ2151,0.039,0.001,0.005,0.005,0.05,0.1248,0.02,0.07,0,0,0.0213
KBRISEKOFR금리액티브증권상장지수투자신탁(채권혼합-파생형)(합성),혼합채권파생형,2024-04-29,K55223E98490,0.011,0.001,0.004,0.004,0.02,0.3342,0.01,0.03,0,0,0.0025
KBRISEKQ고배당증권상장지수투자신탁(주식),주식형,2017-07-06,K55223BR9539,0.25,0.01,0.02,0.02,0.3,0.4191,0.1,0.4,0,0,0.0495
KBRISEKRX300증권상장지수투자신탁(주식),주식형,2018-03-23,K55223C53515,0.025,0.005,0.01,0.01,0.05,0.4191,0.04,0.09,0,0,0.0237
KBRISEK엔터&여행레저증권상장지수투자신탁(주식),주식형,2021-06-09,K55223DJ8893,0.4,0.01,0.02,0.02,0.45,0.4191,0.07,0.52,0,0,0.0245
KBRISESK하이닉스단일종목레버리지증권상장지수투자신탁(주식-파생형),주식파생형,2026-05-22,K55223ET8619,0.07,0.001,0.0091,0.01,0.0901,0.3342,0.02,0.11,0,0,0.2593
KBRISETSLA-UST타겟커버드콜증권상장지수투자신탁(채권혼합-파생재간접형)(합성),재간접파생형,2025-02-14,K55223EH6161,0.209,0.001,0.02,0.02,0.25,0.3342,0.09,0.34,0,0,0.0095
KBRISEV&S셀렉트밸류증권상장지수투자신탁(주식),주식형,2016-02-01,K55223B91129,0.259,0.001,0.01,0.03,0.3,0.4191,0.34,0.64,0,0,0.0703
KBRISEV&S셀렉트밸류채권혼합증권상장지수투자신탁(채권혼합),혼합채권형,2016-04-11,K55223BB7382,0.165,0.02,0.015,0.03,0.23,0.4671,0.18,0.41,0,0,0.0289
KBRISEiSelect메타버스증권상장지수투자신탁(주식),주식형,2021-10-12,K55223DN5018,0.4,0.01,0.02,0.02,0.45,0.4191,0.07,0.52,0,0,0.0353
KBRISE게임테마증권상장지수투자신탁(주식),주식형,2018-07-23,K55223CB7639,0.25,0.01,0.02,0.02,0.3,0.4191,0.06,0.36,0,0,0.0188
KBRISE고배당증권상장지수투자신탁(주식),주식형,2017-04-13,K55223BM7066,0.16,0.01,0.01,0.02,0.2,0.4191,0.06,0.26,0,0,0.054
KBRISE국고채10년액티브증권상장지수투자신탁(채권),채권형,2024-05-20,K55223EB1440,0.001,0.001,0.005,0.005,0.012,0.1248,0.02,0.03,0,0,0.0092
KBRISE국고채3년선물인버스증권상장지수투자신탁(채권-파생형),채권파생형,2017-11-08,K55223BY8797,0.049,0.001,0.01,0.01,0.07,0.3342,0.02,0.09,0,0,0.0559
KBRISE국고채3년증권상장지수투자신탁(채권),채권형,2009-07-28,KR5223149026,0.089,0.001,0.01,0.015,0.115,0.1248,0.02,0.14,0,0,0.0081
KBRISE국채30년레버리지KAP증권상장지수투자신탁(채권-파생형)(합성),채권파생형,2023-02-13,K55223E00629,0.079,0.001,0.01,0.01,0.1,0.3342,0.04,0.14,0,0,0.0094
KBRISE국채선물10년인버스증권상장지수투자신탁(채권-파생형),채권파생형,2018-05-10,K55223C82720,0.049,0.001,0.01,0.01,0.07,0.3342,0.03,0.1,0,0,0.0587
KBRISE국채선물10년증권상장지수투자신탁(채권-파생형),채권파생형,2018-05-10,K55223C82712,0.049,0.001,0.01,0.01,0.07,0.3342,0.05,0.12,0,0,0.0344
KBRISE국채선물3년증권상장지수투자신탁(채권-파생형),채권파생형,2022-06-13,K55223DU5613,0.049,0.001,0.01,0.01,0.07,0.3342,0.05,0.12,0,0,0.0394
KBRISE글로벌AI낸드메모리반도체증권상장지수투자신탁(주식),주식형,2026-08-28,K55223EX9892,0.409,0.001,0.02,0.02,0.45,0.4191,0,0.45,0,0,0.0598
KBRISE글로벌게임테크TOP3Plus증권상장지수투자신탁(주식),주식형,2025-10-17,K55223EO3532,0.359,0.001,0.02,0.02,0.4,0.4191,0.33,0.73,0,0,0.2136
KBRISE글로벌농업경제MV증권상장지수투자신탁(주식),주식형,2022-07-22,K55223DV1611,0.34,0.01,0.03,0.02,0.4,0.4191,0.4,0.8,0,0,0.0517
KBRISE글로벌데이터센터리츠부동산상장지수투자신탁(파생형)(합성),부동산파생형,2021-01-11,K55223DE1216,0.35,0.01,0.02,0.02,0.4,0.3342,0.18,0.58,0,0,0.0031
KBRISE글로벌리얼티인컴부동산상장지수투자신탁(재간접형),부동산,2024-02-15,K55223E85695,0.001,0.001,0.005,0.003,0.01,0.5799,0.09,0.1,0,0,0.0555
KBRISE글로벌비만산업TOP2+증권상장지수투자신탁(주식),주식형,2024-02-22,K55223E89259,0.3,0.01,0.02,0.02,0.35,0.4191,0.28,0.63,0,0,0.1189
KBRISE글로벌수소경제Indxx증권상장지수투자신탁(주식),주식형,2022-02-08,K55223DQ9652,0.34,0.01,0.03,0.02,0.4,0.4191,0.26,0.66,0,0,0.2324
KBRISE글로벌원자력iSelect증권상장지수투자신탁(주식),주식형,2022-09-26,K55223DX4944,0.34,0.01,0.03,0.02,0.4,0.4191,0.08,0.48,0,0,0.1566
KBRISE글로벌자산배분액티브증권상장지수투자신탁(혼합-재간접형),재간접형,2023-06-23,K55223E34636,0.001,0.001,0.005,0.003,0.01,0.7055,0.06,0.07,0,0,0.0326
KBRISE글로벌주식분산액티브증권상장지수투자신탁(주식-재간접형),재간접형,2023-06-23,K55223E32523,0.169,0.001,0.02,0.01,0.2,0.7055,0.09,0.29,0,0,0.0641
KBRISE글로벌클린에너지S&P증권상장지수투자신탁(주식),주식형,2021-10-19,K55223DK6670,0.349,0.001,0.03,0.02,0.4,0.4191,0.35,0.75,0,0,0.123
KBRISE글로벌테크놀로지증권상장지수투자신탁(주식-파생형)(합성H),주식파생형,2017-08-14,K55223BU6548,0.34,0.01,0.02,0.03,0.4,0.3342,0.12,0.52,0,0,0.0213
KBRISE금융채액티브증권상장지수투자신탁(채권),채권형,2019-10-28,K55223CW3484,0.059,0.001,0.005,0.005,0.07,0.1248,0.02,0.09,0,0,0.0046
KBRISE내수주플러스증권상장지수투자신탁(주식),주식형,2019-06-19,K55223CR0586,0.35,0.01,0.02,0.02,0.4,0.4191,0.07,0.47,0,0,0.0127
KBRISE네트워크인프라증권상장지수투자신탁(주식),주식형,2020-10-28,K55223DB4882,0.4,0.01,0.02,0.02,0.45,0.4191,0.06,0.51,0,0,0.0551
KBRISE단기국공채액티브증권상장지수투자신탁(채권),채권형,2017-06-28,K55223BR5941,0.059,0.001,0.005,0.005,0.07,0.1248,0.02,0.09,0,0,0.0108
KBRISE단기채권알파액티브증권상장지수투자신탁(채권),채권형,2021-05-24,K55223DJ2169,0.039,0.001,0.005,0.005,0.05,0.1248,0.02,0.07,0,0,0.0026
KBRISE단기통안채증권상장지수투자신탁(채권),채권형,2014-05-14,KR5223AO8602,0.109,0.001,0.01,0.01,0.13,0.1248,0.02,0.15,0,0,0.0076
KBRISE단기특수은행채액티브증권상장지수투자신탁(채권),채권형,2025-06-23,K55223EJ5633,0.001,0.001,0.004,0.004,0.01,0.1248,0.01,0.02,0,0,0.005
KBRISE대형고배당10TotalReturn증권상장지수투자신탁(주식),주식형,2019-01-21,K55223CJ3036,0.049,0.001,0.01,0.01,0.07,0.4191,0.05,0.12,0,0,0.0481
KBRISE동학개미증권상장지수투자신탁(주식),주식형,2025-12-15,K55223EO3508,0.039,0.001,0.02,0.01,0.07,0.4191,0.06,0.13,0,0,0.2277
KBRISE머니마켓액티브증권상장지수투자신탁(채권),채권형,2023-05-08,K55223E22581,0.039,0.001,0.005,0.005,0.05,0.1248,0.01,0.06,0,0,0.0026
KBRISE미국30년국채액티브증권상장지수투자신탁(채권),채권형,2024-05-24,K55223EB1457,0.039,0.001,0.005,0.005,0.05,0.1248,0.09,0.14,0,0,0.0172
KBRISE미국30년국채엔화노출증권상장지수투자신탁(채권-파생형)(합성H),채권파생형,2023-12-22,K55223E77825,0.134,0.001,0.01,0.005,0.15,0.3342,0.03,0.18,0,0,0.0074
KBRISE미국30년국채커버드콜증권상장지수투자신탁(채권-파생형)(합성),채권파생형,2023-12-13,K55223E76066,0.209,0.001,0.02,0.02,0.25,0.3342,0.07,0.32,0,0,0.0219
KBRISE미국AI밸류체인TOP3Plus증권상장지수투자신탁(주식),주식형,2024-07-19,K55223EB6860,0.001,0.001,0.005,0.003,0.01,0.4191,0.08,0.09,0,0,0.1949
KBRISE미국AI밸류체인데일리고정커버드콜증권상장지수투자신탁(주식-파생형),주식파생형,2024-09-27,K55223ED1158,0.209,0.001,0.02,0.02,0.25,0.3342,0.08,0.33,0,0,0.248
KBRISE미국AI전력인프라액티브증권상장지수투자신탁(주식),주식형,2026-04-02,K55223ER9114,0.409,0.001,0.02,0.02,0.45,0.4191,0.04,0.49,0,0,0.1274
KBRISE미국AI클라우드인프라증권상장지수투자신탁(주식),주식형,2025-11-21,K55223EP2913,0.359,0.001,0.02,0.02,0.4,0.4191,0.09,0.49,0,0,0.2487
KBRISE미국AI테크액티브증권상장지수투자신탁(주식),주식형,2024-11-22,K55223EF7427,0.459,0.001,0.02,0.02,0.5,0.4191,0.15,0.65,0,0,1.4269
KBRISE미국S&P500데일리고정커버드콜증권상장지수투자신탁(주식),주식형,2025-12-19,K55223EP9769,0.209,0.001,0.02,0.02,0.25,0.4191,0.21,0.46,0,0,0.1553
KBRISE미국S&P500엔화노출증권상장지수투자신탁(주식-파생형)(합성H),주식파생형,2025-01-10,K55223EG9927,0.079,0.001,0.01,0.01,0.1,0.3342,0.44,0.54,0,0,0
KBRISE미국S&P500증권상장지수투자신탁(주식),주식형,2021-04-07,K55223DG4176,0.0001,0.0001,0.0035,0.001,0.0047,0.4191,0.07,0.07,0,0,0.0287
KBRISE미국S&P500증권상장지수투자신탁(주식)(H),주식형,2023-03-17,K55223E05289,0.0001,0.0001,0.0035,0.001,0.0047,0.4191,0.13,0.13,0,0,0.0714
KBRISE미국S&P배당킹증권상장지수투자신탁(주식),주식형,2023-06-23,K55223E34644,0.001,0.001,0.005,0.003,0.01,0.4191,0.21,0.22,0,0,0.0941
KBRISE미국S&P원유생산기업증권상장지수투자신탁(주식-파생형)(합성H),주식파생형,2015-06-01,K55223B28170,0.204,0.001,0.02,0.025,0.25,0.3342,0.16,0.41,0,0,0
KBRISE미국고배당다우존스TOP10증권상장지수투자신탁(주식),주식형,2025-10-17,K55223EP0586,0.001,0.001,0.004,0.004,0.01,0.4191,0.28,0.29,0,0,0.1754
KBRISE미국고정배당우선증권ICE증권상장지수투자신탁(주식혼합),혼합주식형,2020-05-08,K55223D48455,0.449,0.001,0.03,0.02,0.5,1.0375,0.17,0.67,0,0,0.0541
KBRISE미국나스닥100증권상장지수투자신탁(주식),주식형,2020-11-04,K55223DB4908,0.0001,0.0001,0.005,0.001,0.0062,0.4191,0.09,0.1,0,0,0.026
KBRISE미국단기투자등급회사채액티브증권상장지수투자신탁(채권),채권형,2022-07-25,K55223DV1603,0.059,0.001,0.02,0.02,0.1,0.1248,0.09,0.19,0,0,0.0009
KBRISE미국달러SOFR금리액티브특별자산상장지수투자신탁(금리-파생형)(합성),특별자산파생,2023-05-12,K55223E20338,0.034,0.001,0.01,0.005,0.05,0.3342,0.03,0.08,0,0,0
KBRISE미국달러선물인버스특별자산상장지수투자신탁(미국달러-파생형),특별자산파생,2023-11-07,K55223E65788,0.029,0.001,0.01,0.01,0.05,0.3342,0.05,0.1,0,0,0.1092
KBRISE미국반도체NYSE증권상장지수투자신탁(주식),주식형,2023-10-20,K55223E65903,0.001,0.001,0.005,0.003,0.01,0.4191,0.09,0.1,0,0,0.1675
KBRISE미국반도체NYSE증권상장지수투자신탁(주식)(H),주식형,2023-10-20,K55223E65911,0.001,0.001,0.005,0.003,0.01,0.4191,0.16,0.17,0,0,0.2778
KBRISE미국반도체인버스증권상장지수투자신탁(주식-파생형)(합성H),주식파생형,2024-10-18,K55223ED9425,0.449,0.001,0.02,0.02,0.49,0.3342,0.47,0.96,0,0,0.0148
KBRISE미국배당100데일리고정커버드콜증권상장지수투자신탁(주식),주식형,2024-09-20,K55223ED1166,0.209,0.001,0.02,0.02,0.25,0.4191,0.09,0.34,0,0,0.2553
KBRISE미국양자컴퓨팅증권상장지수투자신탁(주식),주식형,2025-03-07,K55223EI0494,0.359,0.001,0.02,0.02,0.4,0.4191,0.15,0.55,0,0,0.1705
KBRISE미국우주&로봇TOP2미국채혼합50증권상장지수투자신탁(채권혼합-재간접형),재간접형,2026-07-10,K55223EW8028,0.109,0.001,0.01,0.01,0.13,0.7055,0.02,0.15,0,0,0.116
KBRISE미국우주위성통신증권상장지수투자신탁(주식),주식형,2026-08-07,K55223EX7284,0.359,0.001,0.02,0.02,0.4,0.4191,0.01,0.41,0,0,0.0914
KBRISE미국은행TOP10증권상장지수투자신탁(주식),주식형,2025-02-14,K55223EH4240,0.159,0.001,0.02,0.02,0.2,0.4191,0.13,0.33,0,0,0.174
KBRISE미국장기국채선물레버리지증권상장지수투자신탁(채권-파생형)(합성H),채권파생형,2017-04-14,K55223BN1118,0.459,0.001,0.02,0.02,0.5,0.3342,0.36,0.86,0,0,0.0458
KBRISE미국장기국채선물인버스증권상장지수투자신탁(채권-파생형)(H),채권파생형,2017-04-14,K55223BN1092,0.359,0.001,0.02,0.02,0.4,0.3342,0.38,0.78,0,0,0.1151
KBRISE미국장기국채선물증권상장지수투자신탁(채권-파생형)(H),채권파생형,2017-04-14,K55223BN1084,0.359,0.001,0.02,0.02,0.4,0.3342,0.29,0.69,0,0,0.0585
KBRISE미국천연가스밸류체인증권상장지수투자신탁(주식),주식형,2025-04-17,K55223EJ0162,0.359,0.001,0.02,0.02,0.4,0.4191,0.33,0.73,0,0,0.0882
KBRISE미국테크100데일리고정커버드콜증권상장지수투자신탁(주식-파생형),주식파생형,2024-09-27,K55223ED9417,0.209,0.001,0.02,0.02,0.25,0.3342,0.08,0.33,0,0,0.2448
KBRISE미국휴머노이드로봇증권상장지수투자신탁(주식),주식형,2025-04-11,K55223EJ0170,0.359,0.001,0.02,0.02,0.4,0.4191,0.1,0.5,0,0,0.2546
KBRISE바이오TOP10액티브증권상장지수투자신탁(주식),주식형,2024-12-23,K55223EG4761,0.459,0.001,0.02,0.02,0.5,0.4191,0.03,0.53,0,0,0.1749
KBRISE배터리리사이클링iSelect증권상장지수투자신탁(주식),주식형,2022-10-31,K55223DY3945,0.35,0.01,0.02,0.02,0.4,0.4191,0.07,0.47,0,0,0.0495
KBRISE버크셔포트폴리오TOP10증권상장지수투자신탁(주식),주식형,2024-02-22,K55223E85687,0.001,0.001,0.005,0.003,0.01,0.4191,0.08,0.09,0,0,0.0807
KBRISE비메모리반도체액티브증권상장지수투자신탁(주식),주식형,2021-06-09,K55223DJ8901,0.459,0.001,0.02,0.02,0.5,0.4191,0.06,0.56,0,0,0.22
KBRISE삼성그룹Top3채권혼합블룸버그증권상장지수투자신탁(채권혼합),혼합채권형,2022-11-28,K55223DY8589,0.174,0.001,0.01,0.015,0.2,0.4671,0.07,0.27,0,0,0.0225
KBRISE삼성전자SK하이닉스채권혼합50증권상장지수투자신탁(채권혼합),혼합채권형,2026-02-25,K55223ES6754,0.001,0.001,0.005,0.003,0.01,0.4671,0.02,0.03,0,0,0.0383
KBRISE삼성전자단일종목레버리지증권상장지수투자신탁(주식-파생형),주식파생형,2026-05-22,K55223ET8601,0.07,0.001,0.0091,0.01,0.0901,0.3342,0.02,0.11,0,0,0.2352
KBRISE수출주증권상장지수투자신탁(주식),주식형,2011-04-14,KR5223A20043,0.3,0.05,0.02,0.03,0.4,0.4191,0.09,0.49,0,0,0.0338
KBRISE엔비디아고정테크100증권상장지수투자신탁(주식),주식형,2025-08-22,K55223EM3724,0.159,0.001,0.02,0.02,0.2,0.4191,0.22,0.42,0,0,0.1238
KBRISE우량업종대표주증권상장지수투자신탁(주식),주식형,2011-04-14,KR5223A20027,0.3,0.05,0.02,0.03,0.4,0.4191,0.07,0.47,0,0,0.1458
KBRISE유로스탁스50증권상장지수투자신탁(주식)(H),주식형,2021-04-07,K55223DG4184,0.001,0.001,0.01,0.009,0.021,0.4191,0.53,0.55,0,0,0.1999
KBRISE인도디지털성장증권상장지수투자신탁(주식-파생형),주식파생형,2025-03-28,K55223EF1479,0.259,0.001,0.02,0.02,0.3,0.3342,0.98,1.28,0,0,0.0278
KBRISE일본섹터TOP4Plus증권상장지수투자신탁(주식),주식형,2024-08-16,K55223EC5739,0.259,0.001,0.02,0.02,0.3,0.4191,0.4,0.7,0,0,0.1961
KBRISE적격TDF2030액티브증권상장지수투자신탁(주식혼합-재간접형),재간접형,2022-09-20,K55223DX5230,0.001,0.001,0.005,0.003,0.01,0.7055,0.11,0.12,0,0,0.0496
KBRISE적격TDF2040액티브증권상장지수투자신탁(주식혼합-재간접형),재간접형,2022-09-20,K55223DX5248,0.001,0.001,0.005,0.003,0.01,0.7055,0.09,0.1,0,0,0.0594
KBRISE적격TDF2050액티브증권상장지수투자신탁(주식혼합-재간접형),재간접형,2022-09-20,K55223DX5255,0.001,0.001,0.005,0.003,0.01,0.7055,0.07,0.08,0,0,0.0726
KBRISE종합채권(A-이상)액티브증권상장지수투자신탁(채권),채권형,2021-05-24,K55223DJ2177,0.001,0.001,0.005,0.005,0.012,0.1248,0.02,0.03,0,0,0.0168
KBRISE주식혼합증권상장지수투자신탁(주식혼합),혼합주식형,2013-10-16,KR5223AL4158,0.224,0.001,0.01,0.015,0.25,1.0375,0.09,0.34,0,0,0.0225
KBRISE중국MSCIChina증권상장지수투자신탁(주식)(H),주식형,2018-11-27,K55223CG2510,0.54,0.01,0.03,0.02,0.6,0.4191,0.16,0.76,0,0,0.0574
KBRISE중국본토CSI300증권상장지수투자신탁(주식),주식형,2023-08-04,K55223E45640,0.01,0.001,0.03,0.009,0.05,0.4191,0.18,0.23,0,0,0.0417
KBRISE중국본토대형주CSI100증권상장지수자투자신탁(주식),주식형,2013-05-29,KR5223AI2538,0.549,0.001,0.06,0.04,0.65,0.4191,0.23,0.88,0,0,0.0837
KBRISE중기우량회사채증권상장지수투자신탁(채권),채권형,2011-04-11,KR5223970371,0.051,0.001,0.01,0.008,0.07,0.1248,0.03,0.1,0,0,0.0037
KBRISE중소형고배당증권상장지수투자신탁(주식),주식형,2017-11-01,K55223BY3509,0.25,0.01,0.02,0.02,0.3,0.4191,0.08,0.38,0,0,0.036
KBRISE중장기국공채액티브증권상장지수투자신탁(채권),채권형,2017-06-28,K55223BR5958,0.059,0.001,0.005,0.005,0.07,0.1248,0.03,0.1,0,0,0.0024
KBRISE차이나AI반도체TOP4Plus증권상장지수투자신탁(주식),주식형,2026-03-06,K55223ER9122,0.409,0.001,0.02,0.02,0.45,0.4191,0.12,0.57,0,0,0.1241
KBRISE차이나HSCEI증권상장지수투자신탁(주식)(H),주식형,2016-08-04,K55223BF0979,0.001,0.001,0.01,0.009,0.021,0.4191,0.2,0.22,0,0,0.1527
KBRISE차이나H선물인버스증권상장지수투자신탁(주식-파생형)(H),주식파생형,2018-03-22,K55223C53507,0.55,0.01,0.01,0.02,0.59,0.3342,0.64,1.23,0,0,0.3009
KBRISE차이나테크TOP10위클리타겟커버드콜증권상장지수투자신탁(주식-파생형),주식파생형,2025-08-29,K55223EL4301,0.259,0.001,0.02,0.02,0.3,0.3342,0.38,0.68,0,0,0.4733
KBRISE차이나항셍테크증권상장지수투자신탁(주식),주식형,2020-12-14,K55223DC9849,0.106,0.001,0.02,0.013,0.14,0.4191,0.32,0.46,0,0,0.1617
KBRISE코리아금융고배당증권상장지수투자신탁(주식),주식형,2024-12-09,K55223EG3144,0.079,0.001,0.01,0.01,0.1,0.4191,0.07,0.17,0,0,0.0537
KBRISE코리아밸류업위클리고정커버드콜증권상장지수투자신탁(주식-파생형),주식파생형,2025-09-01,K55223EM9762,0.259,0.001,0.02,0.02,0.3,0.3342,0.04,0.34,0,0,0.2237
KBRISE코리아밸류업증권상장지수투자신탁(주식),주식형,2024-11-01,K55223EF9191,0.001,0.001,0.003,0.003,0.008,0.4191,0.02,0.02,0,0,0.0463
KBRISE코리아전략산업액티브증권상장지수투자신탁(주식),주식형,2026-01-19,K55223ER2267,0.459,0.001,0.02,0.02,0.5,0.4191,0.03,0.53,0,0,0.1069
KBRISE코스닥150선물레버리지증권상장지수투자신탁(주식-파생형),주식파생형,2017-08-30,K55223BV8089,0.279,0.001,0.02,0.02,0.32,0.3342,0.04,0.36,0,0,0.2478
KBRISE코스닥150선물인버스증권상장지수투자신탁(주식-파생형),주식파생형,2017-07-31,K55223BT0197,0.279,0.001,0.02,0.02,0.32,0.3342,0.14,0.46,0,0,0.2065
KBRISE코스닥150증권상장지수투자신탁(주식),주식형,2017-06-15,K55223BQ7476,0.001,0.001,0.01,0.008,0.02,0.4191,0.03,0.05,0,0,0.0163
KBRISE코스닥커버드콜액티브증권상장지수투자신탁(주식-파생형),주식파생형,2026-07-27,K55223ET8569,0.259,0.001,0.02,0.02,0.3,0.3342,0.01,0.31,0,0,0.0164
KBRISE코스피증권상장지수투자신탁(주식),주식형,2018-07-23,K55223CC1474,0.001,0.001,0.01,0.008,0.02,0.4191,0.02,0.04,0,0,0.0116
KBRISE테슬라고정테크100증권상장지수투자신탁(주식),주식형,2025-05-09,K55223EJ7027,0.159,0.001,0.02,0.02,0.2,0.4191,0.11,0.31,0,0,0.1083
KBRISE테슬라애플아마존채권혼합iSelect증권상장지수투자신탁(채권혼합),혼합채권형,2022-12-16,K55223DZ2888,0.209,0.001,0.015,0.015,0.24,0.4671,0.1,0.34,0,0,0.0366
KBRISE팔라듐선물인버스특별자산상장지수투자신탁(파생형)(H),특별자산파생,2019-09-20,K55223CV8492,0.559,0.001,0.02,0.02,0.6,0.3342,0.9,1.5,0,0,0.1484
KBRISE팔라듐선물특별자산상장지수투자신탁(파생형)(H),특별자산파생,2019-09-20,K55223CV8484,0.559,0.001,0.02,0.02,0.6,0.3342,0.34,0.94,0,0,0.2271
KBRISE팔란티어고정테크100증권상장지수투자신탁(주식),주식형,2025-05-09,K55223EJ7035,0.159,0.001,0.02,0.02,0.2,0.4191,0.11,0.31,0,0,0.1392
KBRISE헬스케어증권상장지수투자신탁(주식),주식형,2016-09-22,K55223BH3559,0.029,0.001,0.01,0.01,0.05,0.4191,0.08,0.13,0,0,0.0181
KBRISE헬스케어채권혼합증권상장지수투자신탁(채권혼합),혼합채권형,2016-09-22,K55223BH3617,0.309,0.001,0.02,0.02,0.35,0.4671,0.07,0.42,0,0,0.0095
KBRISE현대차고정피지컬AI증권상장지수투자신탁(주식),주식형,2026-05-11,K55223ET9427,0.359,0.001,0.02,0.02,0.4,0.4191,0.02,0.42,0,0,0.0039
케이씨지아이KCGI미국S&P500TOP10증권상장지수투자신탁[주식],주식형,2024-05-24,K55365EB1596,0.3,0.01,0.03,0.02,0.36,0.4191,0.08,0.44,0,0,0.0091
키움KIWOOM100증권상장지수투자신탁[주식],주식형,2012-02-28,KR5391A83228,0.11,0.04,0.02,0.025,0.195,0.4191,0.03,0.23,0,0,0.0455
키움KIWOOM10년국고채레버리지증권상장지수투자신탁[채권-파생형],채권파생형,2012-10-29,KR5206AC1297,0.2,0.075,0.01,0.015,0.3,0.3342,0.03,0.33,0,0,0.0242
키움KIWOOM10년국고채증권상장지수투자신탁[채권],채권형,2011-10-19,KR5206A65050,0.029,0.001,0.01,0.01,0.05,0.1248,0.02,0.07,0,0,0.0083
키움KIWOOM200TotalReturn증권상장지수투자신탁[주식],주식형,2018-04-20,K55206C46472,0.001,0.001,0.005,0.005,0.012,0.4191,0.03,0.04,0,0,0.0126
키움KIWOOM200상장지수증권투자신탁[주식],주식형,2002-10-11,KR5206352894,0.029,0.001,0.01,0.01,0.05,0.4191,0.02,0.07,0,0,0.0327
키움KIWOOM200선물레버리지증권상장지수투자신탁[주식-파생형],주식파생형,2016-09-09,K55206BG4567,0.36,0.05,0.02,0.03,0.46,0.3342,0.03,0.49,0,0,0.3074
키움KIWOOM200선물인버스2X증권상장지수투자신탁[주식-파생형],주식파생형,2016-09-21,K55206BG4575,0.36,0.05,0.02,0.03,0.46,0.3342,0.23,0.69,0,0,0.5667
키움KIWOOM200선물인버스증권상장지수투자신탁[주식-파생형],주식파생형,2016-09-09,K55206BG4559,0.36,0.05,0.02,0.03,0.46,0.3342,0.16,0.62,0,0,0.4054
키움KIWOOM26-09회사채(AA-이상)액티브증권상장지수투자신탁[채권],채권형,2023-08-11,K55206E39770,0.059,0.001,0.005,0.005,0.07,0.1248,0.02,0.09,0,0,0.0057
키움KIWOOMCD금리액티브특별자산상장지수투자신탁[금리-파생형](합성),특별자산파생,2023-05-22,K55206E24624,0.019,0.001,0.005,0.005,0.03,0.3342,0.03,0.06,0,0,0
키움KIWOOMK-2차전지북미공급망증권상장지수투자신탁[주식],주식형,2024-07-22,K55206ED2207,0.44,0.01,0.02,0.02,0.49,0.4191,0.12,0.61,0,0,0.0312
키움KIWOOMK-반도체북미공급망증권상장지수투자신탁[주식],주식형,2024-07-22,K55206ED2215,0.44,0.01,0.02,0.02,0.49,0.4191,0.39,0.88,0,0,0.0594
키움KIWOOMKRX100상장지수증권투자신탁[주식],주식형,2008-01-22,KR5206773776,0.13,0.05,0.025,0.025,0.23,0.4191,0.03,0.26,0,0,0.037
키움KIWOOMNIFTY50인디아증권상장지수투자신탁[주식-파생형](합성),주식파생형,2014-06-25,KR5206AS8419,0.26,0.01,0.01,0.01,0.29,0.3342,0.08,0.37,0,0,0
키움KIWOOMSK하이닉스선물단일종목레버리지증권상장지수투자신탁[주식-파생형],주식파생형,2026-05-26,K55206EV7915,0.2,0.01,0.02,0.02,0.25,0.3342,0.02,0.27,0,0,0.2342
키움KIWOOMUS대형500월간목표헤지액티브증권상장지수투자신탁[혼합-파생재간접형],재간접파생형,2025-10-17,K55206EJ7150,0.43,0.01,0.03,0.02,0.49,0.3342,0.13,0.62,0,0,0.4802
키움KIWOOMUS테크100월간목표헤지액티브증권상장지수투자신탁[혼합-파생재간접형],재간접파생형,2025-07-18,K55206EJ7242,0.43,0.01,0.03,0.02,0.49,0.3342,0.16,0.65,0,0,0.3186
키움KIWOOM국고채30년액티브증권상장지수투자신탁[채권],채권형,2023-11-02,K55206E71195,0.024,0.001,0.005,0.005,0.035,0.1248,0.02,0.06,0,0,0.0063
키움KIWOOM국고채상장지수증권투자신탁[채권],채권형,2009-07-28,KR5206150033,0.029,0.001,0.01,0.01,0.05,0.1248,0.03,0.08,0,0,0.0069
키움KIWOOM글로벌AI반도체증권상장지수투자신탁[주식],주식형,2023-12-20,K55206E80451,0.35,0.01,0.02,0.02,0.4,0.4191,0.12,0.52,0,0,0.1528
키움KIWOOM글로벌전력GRID인프라증권상장지수투자신탁[주식],주식형,2024-08-26,K55206ED3411,0.42,0.01,0.04,0.02,0.49,0.4191,0.53,1.02,0,0,0.1157
키움KIWOOM단기자금증권상장지수투자신탁[채권],채권형,2010-07-28,KR5206287710,0.029,0.001,0.01,0.01,0.05,0.1248,0.03,0.08,0,0,0.0011
키움KIWOOM단기채권ESG액티브증권상장지수투자신탁[채권],채권형,2022-02-25,K55206DR4802,0.1,0.01,0.02,0.02,0.15,0.1248,0.02,0.17,0,0,0.0062
키움KIWOOM독일DAX증권상장지수투자신탁[주식],주식형,2021-12-21,K55206DP5553,0.19,0.01,0.03,0.02,0.25,0.4191,0.35,0.6,0,0,0.2164
키움KIWOOM머니마켓액티브증권상장지수투자신탁[채권],채권형,2024-02-22,K55206E91755,0.039,0.001,0.005,0.005,0.05,0.1248,0.02,0.07,0,0,0.0079
키움KIWOOM물가채KIS증권상장지수투자신탁[채권],채권형,2022-05-30,K55206DT2960,0.1,0.01,0.02,0.02,0.15,0.1248,0.05,0.2,0,0,0.0009
키움KIWOOM미국AI테크하이베타증권상장지수투자신탁[주식],주식형,2026-05-08,K55206ES9643,0.43,0.01,0.03,0.02,0.49,0.4191,0.16,0.65,0,0,0.2508
키움KIWOOM미국CPU반도체TOP4+증권상장지수투자신탁[주식],주식형,2026-07-27,K55206EX3003,0.44,0.01,0.02,0.02,0.49,0.4191,0.02,0.51,0,0,0.0821
키움KIWOOM미국S&P500&GOLD증권상장지수투자신탁[주식],주식형,2025-12-05,K55206EQ5684,0.0049,0.0001,0.003,0.002,0.01,0.4191,0.29,0.3,0,0,0.1926
키움KIWOOM미국S&P500&배당다우존스비중전환증권상장지수투자신탁[주식],주식형,2025-11-07,K55206EN6347,0.069,0.001,0.01,0.01,0.09,0.4191,0.69,0.78,0,0,0.0999
키움KIWOOM미국S&P500TOP10&배당다우존스비중전환증권상장지수투자신탁[주식],주식형,2025-11-07,K55206EN6354,0.169,0.001,0.01,0.01,0.19,0.4191,0.39,0.58,0,0,0.1196
키움KIWOOM미국S&P500모멘텀증권상장지수투자신탁[주식],주식형,2025-12-05,K55206EQ3044,0.069,0.001,0.03,0.02,0.12,0.4191,0.2,0.32,0,0,0.3088
키움KIWOOM미국S&P500증권상장지수투자신탁[주식],주식형,2022-12-16,K55206DZ1360,0.001,0.001,0.01,0.009,0.021,0.4191,0.15,0.17,0,0,0.1716
키움KIWOOM미국S&P500증권상장지수투자신탁[주식](H),주식형,2022-12-16,K55206DZ1378,0.02,0.001,0.01,0.009,0.04,0.4191,0.22,0.26,0,0,0.1676
키움KIWOOM미국고배당&AI테크증권상장지수투자신탁[주식],주식형,2025-09-19,K55206EN6289,0.39,0.01,0.03,0.02,0.45,0.4191,0.2,0.65,0,0,0.306
키움KIWOOM미국나스닥100증권상장지수투자신탁[주식](H),주식형,2023-03-10,K55206E01648,0.02,0.001,0.01,0.009,0.04,0.4191,0.14,0.18,0,0,0.2018
키움KIWOOM미국달러SOFR금리액티브특별자산상장지수투자신탁[금리-파생형](합성),특별자산파생,2023-06-16,K55206E24574,0.039,0.001,0.005,0.005,0.05,0.3342,0.13,0.18,0,0,0.0034
키움KIWOOM미국달러선물레버리지특별자산상장지수투자신탁[미국달러-파생형],특별자산파생,2015-08-05,K55206B56275,0.475,0.1,0.025,0.04,0.64,0.3342,0.12,0.76,0,0,0.1868
키움KIWOOM미국달러선물인버스2X특별자산상장지수투자신탁[미국달러-파생형],특별자산파생,2015-11-11,K55206B83279,0.475,0.1,0.025,0.04,0.64,0.3342,0.13,0.77,0,0,0.1941
키움KIWOOM미국달러선물인버스특별자산상장지수투자신탁[미국달러-파생형],특별자산파생,2011-03-31,KR5206A16343,0.35,0.08,0.03,0.03,0.49,0.3342,0.03,0.52,0,0,0.1178
키움KIWOOM미국달러선물특별자산상장지수투자신탁[미국달러-파생형],특별자산파생,2011-02-23,KR5206994091,0.2,0.12,0.025,0.025,0.37,0.3342,0.03,0.4,0,0,0.0879
키움KIWOOM미국방어배당성장나스닥증권상장지수투자신탁[주식],주식형,2020-12-23,K55206DC2985,0.34,0.01,0.03,0.02,0.4,0.4191,0.73,1.13,0,0,0.3487
키움KIWOOM미국블록버스터바이오테크의약품+증권상장지수투자신탁[주식],주식형,2024-05-24,K55206EB3249,0.43,0.01,0.03,0.02,0.49,0.4191,0.49,0.98,0,0,0.1026
키움KIWOOM미국성장기업30액티브증권상장지수투자신탁[주식],주식형,2023-06-22,K55206E19798,0.7,0.01,0.03,0.02,0.76,0.4191,0.08,0.84,0,0,0.3654
키움KIWOOM미국성장다우존스증권상장지수투자신탁[주식],주식형,2026-03-27,K55206ER7937,0.018,0.001,0.01,0.001,0.03,0.4191,0.39,0.42,0,0,0.0994
키움KIWOOM미국양자컴퓨팅증권상장지수투자신탁[주식],주식형,2024-12-16,K55206EE9458,0.42,0.01,0.04,0.02,0.49,0.4191,0.1,0.59,0,0,0.1722
키움KIWOOM미국우주데이터센터인프라증권상장지수투자신탁[주식],주식형,2026-06-12,K55206EV4466,0.43,0.0102,0.03,0.02,0.4902,0.4191,0.05,0.54,0,0,0.2374
키움KIWOOM미국우주테크TOP2채권혼합50증권상장지수투자신탁[채권혼합],혼합채권형,2026-07-06,K55206EW2329,0.16,0.01,0.02,0.02,0.21,0.4671,0.03,0.24,0,0,0.0744
키움KIWOOM미국원유에너지기업증권상장지수투자신탁[주식],주식형,2024-01-12,K55206E81673,0.23,0.01,0.03,0.02,0.29,0.4191,0.63,0.92,0,0,0.5476
키움KIWOOM블루칩상장지수증권투자신탁[주식],주식형,2008-07-28,KR5206853859,0.24,0.1,0.03,0.03,0.4,0.4191,0.06,0.46,0,0,0.0576
키움KIWOOM삼성전자&SK하이닉스채권혼합50증권상장지수투자신탁[채권혼합],혼합채권형,2026-04-20,K55206ES9650,0.029,0.001,0.02,0.02,0.07,0.4671,0.03,0.1,0,0,0.0344
키움KIWOOM삼성전자선물단일종목레버리지증권상장지수투자신탁[주식-파생형],주식파생형,2026-05-26,K55206EV7907,0.2,0.01,0.02,0.02,0.25,0.3342,0.03,0.28,0,0,0.2246
키움KIWOOM엔비디아미국30년국채혼합액티브증권상장지수투자신탁[채권혼합](H),혼합채권형,2025-02-07,K55206EI0479,0.139,0.001,0.03,0.02,0.19,0.4671,0.22,0.41,0,0,0.0958
키움KIWOOM의료AI증권상장지수투자신탁[주식],주식형,2024-05-27,K55206EB5608,0.44,0.01,0.02,0.02,0.49,0.4191,0.12,0.61,0,0,0.0558
키움KIWOOM적격TDF2030액티브증권상장지수투자신탁[주식혼합-재간접형],재간접형,2022-06-29,K55206DU2520,0.24,0.01,0.03,0.02,0.3,0.7055,0.28,0.58,0,0,0.1664
키움KIWOOM적격TDF2040액티브증권상장지수투자신탁[주식혼합-재간접형],재간접형,2022-06-29,K55206DU2538,0.28,0.01,0.03,0.02,0.34,0.7055,0.25,0.59,0,0,0.1701
키움KIWOOM적격TDF2050액티브증권상장지수투자신탁[주식혼합-재간접형],재간접형,2022-06-29,K55206DU2546,0.32,0.01,0.03,0.02,0.38,0.7055,0.23,0.61,0,0,0.1725
키움KIWOOM종합채권(AA-이상)액티브증권상장지수투자신탁[채권],채권형,2023-04-05,K55206E15705,0.014,0.001,0.005,0.005,0.025,0.1248,0.02,0.04,0,0,0.0189
키움KIWOOM차이나내수소비TOPCSI증권상장지수투자신탁[주식-파생형],주식파생형,2023-03-31,K55206E09914,0.35,0.01,0.03,0.03,0.42,0.3342,0.96,1.38,0,0,0.1627
키움KIWOOM코리아고배당상장지수증권투자신탁[주식],주식형,2008-07-28,KR5206853842,0.15,0.01,0.02,0.01,0.19,0.4191,0.05,0.24,0,0,0.0857
키움KIWOOM코리아밸류업증권상장지수투자신탁[주식],주식형,2024-11-01,K55206EF9358,0.0029,0.0001,0.003,0.003,0.009,0.4191,0.02,0.03,0,0,0.0503
키움KIWOOM코리아테크TOP10증권상장지수투자신탁[주식],주식형,2023-10-30,K55206E61196,0.34,0.01,0.02,0.02,0.39,0.4191,0.12,0.51,0,0,0.0608
키움KIWOOM코스닥150선물레버리지증권상장지수투자신탁[주식-파생형],주식파생형,2018-03-15,K55206C29098,0.06,0.01,0.01,0.01,0.09,0.3342,0.15,0.24,0,0,0.2846
키움KIWOOM코스닥150선물인버스증권상장지수투자신탁[주식-파생형],주식파생형,2018-03-15,K55206C29080,0.06,0.01,0.01,0.01,0.09,0.3342,0.3,0.39,0,0,0.1939
키움KIWOOM코스닥150증권상장지수투자신탁[주식],주식형,2019-01-21,K55206CJ2971,0.1,0.01,0.02,0.02,0.15,0.4191,0.04,0.19,0,0,0.0225
키움KIWOOM코스닥150커버드콜액티브증권상장지수투자신탁[주식-파생형],주식파생형,2026-06-26,K55206EV2718,0.57,0.01,0.03,0.02,0.63,0.3342,0.01,0.64,0,0,0.0257
키움KIWOOM통안채상장지수증권투자신탁[채권],채권형,2010-01-13,KR5206184115,0.029,0.001,0.01,0.01,0.05,0.1248,0.03,0.08,0,0,0.0026
키움KIWOOM팔란티어미국30년국채혼합액티브증권상장지수투자신탁[채권혼합](H),혼합채권형,2025-02-07,K55206EI0487,0.139,0.001,0.03,0.02,0.19,0.4671,0.17,0.36,0,0,0.0904
키움KIWOOM한국고배당&미국AI테크증권상장지수투자신탁[주식],주식형,2025-08-29,K55206EN5646,0.4,0.01,0.02,0.02,0.45,0.4191,0.12,0.57,0,0,0.1277
키움KIWOOM현대차그룹TOP3채권혼합50증권상장지수투자신탁[채권혼합],혼합채권형,2026-07-13,K55206EX4787,0.12,0.01,0.01,0.01,0.15,0.4671,0.02,0.17,0,0,0.01
타임폴리오 TIME글로벌소비트렌드액티브증권상장지수투자신탁(주식),주식형,2024-10-28,K553J1EF1685,0.69,0.04,0.04,0.03,0.8,0.4191,0.2,1,0,0,0.4155
타임폴리오TIMEKorea플러스배당액티브증권상장지수투자신탁[주식],주식형,2022-09-26,K553J1DW4846,0.69,0.05,0.03,0.03,0.8,0.4191,0.03,0.83,0,0,0.2706
타임폴리오TIMEK바이오액티브증권상장지수투자신탁[주식],주식형,2023-08-16,K553J1E46927,0.69,0.05,0.03,0.03,0.8,0.4191,0.03,0.83,0,0,0.3052
타임폴리오TIMEK신재생에너지액티브증권상장지수투자신탁(주식),주식형,2021-10-28,K553J1DO1974,0.69,0.05,0.03,0.03,0.8,0.4191,0.15,0.95,0,0,0.3312
타임폴리오TIMEK이노베이션액티브증권상장지수투자신탁[주식],주식형,2021-05-24,K553J1DJ0288,0.69,0.05,0.03,0.03,0.8,0.4191,0.11,0.91,0,0,0.5036
타임폴리오TIMEK컬처액티브증권상장지수투자신탁(주식),주식형,2021-12-14,K553J1DP1767,0.69,0.05,0.03,0.03,0.8,0.4191,0.08,0.88,0,0,0.242
타임폴리오TIME글로벌AI인공지능액티브증권상장지수투자신탁[주식],주식형,2023-05-15,K553J1E23876,0.69,0.04,0.04,0.03,0.8,0.4191,0.05,0.85,0,0,0.4974
타임폴리오TIME글로벌바이오액티브증권상장지수투자신탁[주식],주식형,2024-07-01,K553J1EB9138,0.69,0.04,0.04,0.03,0.8,0.4191,0.2,1,0,0,0.2163
타임폴리오TIME글로벌우주테크&방산액티브증권상장지수투자신탁(주식),주식형,2024-04-22,K553J1E98415,0.69,0.04,0.04,0.03,0.8,0.4191,0.06,0.86,0,0,0.299
타임폴리오TIME글로벌탑픽액티브증권상장지수투자신탁(주식-재간접형),재간접형,2025-10-27,K553J1EP1634,0.01,0.01,0.02,0.02,0.06,0.7055,0.12,0.18,0,0,0.2558
타임폴리오TIME글로벌휴머노이드로봇산업액티브증권상장지수투자신탁(주식),주식형,2026-05-18,K553J1EU9150,0.69,0.02,0.06,0.03,0.8,0.4191,0.05,0.85,0,0,0.15
타임폴리오TIME미국S&P500액티브증권상장지수투자신탁(주식),주식형,2022-05-09,K553J1DT1904,0.69,0.04,0.04,0.03,0.8,0.4191,0.08,0.88,0,0,0.3519
타임폴리오TIME미국나스닥100액티브증권상장지수투자신탁(주식),주식형,2022-05-09,K553J1DT1912,0.69,0.04,0.04,0.03,0.8,0.4191,0.09,0.89,0,0,0.6137
타임폴리오TIME미국나스닥100채권혼합50액티브증권상장지수투자신탁(채권혼합),혼합채권형,2025-03-24,K553J1EI5410,0.2,0.01,0.02,0.02,0.25,0.4671,0.12,0.37,0,0,0.308
타임폴리오TIME차이나AI테크액티브증권상장지수투자신탁(주식),주식형,2025-05-12,K553J1EK6638,0.69,0.02,0.06,0.03,0.8,0.4191,0.12,0.92,0,0,0.2379
타임폴리오TIME코리아밸류업액티브증권상장지수투자신탁(주식),주식형,2024-11-01,K553J1EF9274,0.69,0.05,0.03,0.03,0.8,0.4191,0.03,0.83,0,0,0.5515
타임폴리오TIME코스닥액티브증권상장지수투자신탁(주식),주식형,2026-03-09,K553J1ET1739,0.69,0.05,0.03,0.03,0.8,0.4191,0.01,0.81,0,0,0.3659
타임폴리오TIME코스피액티브증권상장지수투자신탁(주식),주식형,2021-05-24,K553J1DJ0270,0.69,0.05,0.03,0.03,0.8,0.4191,0.03,0.83,0,0,0.3909
트러스톤TRUSTON주주가치액티브증권상장지수투자신탁[주식],주식형,2023-12-13,K55363E76664,0.7,0.05,0.02,0.015,0.785,0.4191,0.03,0.82,0,0,0.0003
트러스톤TRUSTON코리아밸류업액티브증권상장지수투자신탁[주식],주식형,2024-11-01,K55363EF9738,0.7,0.05,0.02,0.015,0.785,0.4191,0.03,0.81,0,0,0.0307
하나1Q200액티브증권상장지수투자신탁[주식],주식형,2023-01-30,K55102DZ8758,0.003,0.001,0.004,0.002,0.01,0.4191,0.02,0.03,0,0,0.0546
하나1Q200채권혼합50액티브증권상장지수투자신탁[채권혼합],혼합채권형,2026-04-20,K55102EU6996,0.364,0.001,0.02,0.015,0.4,0.4671,0.03,0.43,0,0,0.038
하나1QCD금리액티브증권상장지수투자신탁[채권혼합-파생형](합성),혼합채권파생형,2024-09-23,K55102ED3689,0.011,0.001,0.004,0.004,0.02,0.3342,0.01,0.03,0,0,0.0096
하나1QK반도체TOP2+증권상장지수투자신탁[주식],주식형,2026-04-13,K55102EU0908,0.164,0.001,0.02,0.015,0.2,0.4191,0.01,0.21,0,0,0.0538
하나1QK반도체TOP2채권혼합50증권상장지수투자신탁[채권혼합],혼합채권형,2026-04-13,K55102EU0924,0.002,0.001,0.004,0.003,0.01,0.4671,0.02,0.03,0,0,0.0248
하나1QK소버린AI증권상장지수투자신탁[주식],주식형,2025-09-29,K55102EN9924,0.44,0.01,0.02,0.02,0.49,0.4191,0.07,0.56,0,0,0.0364
하나1QSK하이닉스선물단일종목레버리지증권상장지수투자신탁[주식-파생형],주식파생형,2026-05-22,K55102EV7951,0.07,0.001,0.01,0.0091,0.0901,0.3342,0.02,0.11,0,0,0.2638
하나1Q단기금융채액티브증권상장지수투자신탁[채권],채권형,2023-08-02,K55102E37825,0.065,0.005,0.005,0.005,0.08,0.1248,0.01,0.09,0,0,0.0043
하나1Q단기특수은행채액티브증권상장지수투자신탁[채권],채권형,2025-11-24,K55102EP6969,0.001,0.001,0.004,0.004,0.01,0.1248,0.01,0.02,0,0,0.0013
하나1Q머니마켓액티브증권상장지수투자신탁[채권],채권형,2024-04-01,K55102EA1314,0.039,0.001,0.005,0.005,0.05,0.1248,0.01,0.06,0,0,0.0041
하나1Q미국S&P500미국채혼합50액티브증권상장지수투자신탁(채권혼합),혼합채권형,2025-06-09,K55102EK9976,0.129,0.001,0.015,0.005,0.15,0.4671,0.13,0.28,0,0,0.1147
하나1Q미국S&P500증권상장지수투자신탁[주식],주식형,2025-03-14,K55102EI0342,0.0001,0.0001,0.005,0.0003,0.0055,0.4191,0.13,0.14,0,0,0.15
하나1Q미국나스닥100미국채혼합50액티브증권상장지수투자신탁[채권혼합],혼합채권형,2025-09-26,K55102EO1193,0.029,0.001,0.015,0.005,0.05,0.4671,0.13,0.18,0,0,0.1117
하나1Q미국나스닥100증권상장지수투자신탁[주식],주식형,2025-06-20,K55102EL5296,0.0001,0.0001,0.005,0.0003,0.0055,0.4191,0.16,0.17,0,0,0.1876
하나1Q미국메디컬AI증권상장지수투자신탁[주식],주식형,2025-07-18,K55102EM4231,0.43,0.01,0.03,0.02,0.49,0.4191,0.07,0.56,0,0,0.1285
하나1Q미국배당TOP30증권상장지수투자신탁[주식],주식형,2025-01-17,K55102EG6572,0.065,0.005,0.02,0.01,0.1,0.4191,0.16,0.26,0,0,0.1754
하나1Q미국우주항공테크증권상장지수투자신탁[주식],주식형,2025-11-21,K55102EP3701,0.43,0.01,0.03,0.02,0.49,0.4191,0.06,0.55,0,0,0.3223
하나1Q삼성전자선물단일종목레버리지증권상장지수투자신탁[주식-파생형],주식파생형,2026-05-22,K55102EV7944,0.07,0.001,0.01,0.0091,0.0901,0.3342,0.02,0.11,0,0,0.2395
하나1Q샤오미밸류체인액티브증권상장지수투자신탁[주식],주식형,2025-08-29,K55102EN6979,0.439,0.001,0.03,0.02,0.49,0.4191,0.3,0.79,0,0,0.5885
하나1Q엔비디아알파벳미국채혼합50증권상장지수투자신탁[채권혼합],혼합채권형,2026-07-24,K55102EX2018,0.409,0.001,0.02,0.02,0.45,0.4671,0.01,0.46,0,0,0.1063
하나1Q은액티브특별자산상장지수투자신탁[은-재간접형],특별자산,2026-03-27,K55102ET0257,0.26,0.01,0.02,0.01,0.3,0.5335,0.06,0.36,0,0,0.1472
하나1Q종합채권(AA-이상)액티브증권상장지수투자신탁[채권],채권형,2025-02-24,K55102EI0573,0.014,0.001,0.005,0.005,0.025,0.1248,0.02,0.04,0,0,0.0069
하나1Q중단기회사채(A-이상)액티브증권상장지수투자신탁[채권],채권형,2025-05-26,K55102EJ9938,0.04,0.001,0.005,0.004,0.05,0.1248,0.02,0.07,0,0,0.0038
하나1Q코리아밸류업증권상장지수투자신탁[주식],주식형,2024-11-01,K55102EF9791,0.01,0.001,0.005,0.004,0.02,0.4191,0.02,0.04,0,0,0.051
하나1Q코스닥150채권혼합50액티브증권상장지수투자신탁[채권혼합],혼합채권형,2026-04-27,K55102EU8786,0.594,0.001,0.02,0.015,0.63,0.4671,0.03,0.66,0,0,0.0425
하나1Q현대차그룹채권(A+이상)&국고통안증권상장지수투자신탁[채권],채권형,2024-09-30,K55102EE8018,0.084,0.001,0.01,0.005,0.1,0.1248,0.02,0.12,0,0,0.0078
하나1Q현대차기아채권혼합50증권상장지수투자신탁(채권혼합),혼합채권형,2026-06-08,K55102EV2721,0.079,0.001,0.01,0.01,0.1,0.4671,0.02,0.12,0,0,0.0073
한국투자ACE11월만기자동연장회사채(AA-이상)액티브증권상장지수투자신탁(채권),채권형,2023-12-15,K55101E75520,0.035,0.005,0.005,0.005,0.05,0.1248,0.02,0.07,0,0,0.0111
한국투자ACE200TotalReturn증권상장지수투자신탁(주식),주식형,2019-08-27,K55101CT6711,0.003,0.001,0.004,0.002,0.01,0.4191,0.03,0.04,0,0,0.0157
한국투자ACE200증권상장지수투자신탁(주식),주식형,2008-09-10,KR5101877748,0.01,0.001,0.004,0.002,0.017,0.4191,0.02,0.04,0,0,0.0258
한국투자ACE2월만기자동연장회사채AA-이상액티브증권상장지수투자신탁(채권),채권형,2024-01-19,K55101E80470,0.035,0.005,0.005,0.005,0.05,0.1248,0.02,0.07,0,0,0.0096
한국투자ACE2차전지&친환경차액티브증권상장지수투자신탁(주식),주식형,2021-05-24,K55101DH7878,0.26,0.01,0.01,0.01,0.29,0.4191,0.07,0.36,0,0,0.0456
한국투자ACE5월만기자동연장회사채AA-이상액티브증권상장지수투자신탁(채권),채권형,2024-01-19,K55101E80488,0.035,0.005,0.005,0.005,0.05,0.1248,0.03,0.08,0,0,0.01
한국투자ACE8월만기자동연장회사채AA-이상액티브증권상장지수투자신탁(채권),채권형,2024-01-19,K55101E80496,0.035,0.005,0.005,0.005,0.05,0.1248,0.02,0.07,0,0,0.0094
한국투자ACEAI반도체TOP3+증권상장지수투자신탁(주식),주식형,2023-10-16,K55101E67600,0.27,0.01,0.01,0.01,0.3,0.4191,0.06,0.36,0,0,0.079
한국투자ACEBYD밸류체인액티브증권상장지수투자신탁(주식),주식형,2025-07-11,K55101EJ7669,0.405,0.01,0.025,0.01,0.45,0.4191,0.67,1.12,0,0,0.3659
한국투자ACEESG액티브증권상장지수투자신탁(주식),주식형,2021-05-24,K55101DI3603,0.46,0.01,0.02,0.01,0.5,0.4191,0.04,0.54,0,0,0.0353
한국투자ACEKPOP포커스증권상장지수투자신탁(주식),주식형,2024-01-29,K55101E79688,0.27,0.01,0.01,0.01,0.3,0.4191,0.07,0.37,0,0,0.0208
한국투자ACEKRX금현물특별자산상장지수투자신탁(금),특별자산,2021-12-13,K55101DN7441,0.135,0.005,0.03,0.02,0.19,0.5335,0.12,0.31,0,0,0.1809
한국투자ACEK바이오코스닥액티브증권상장지수투자신탁(주식),주식형,2026-07-20,K55101EW2317,0.479,0.001,0.01,0.01,0.5,0.4191,0.01,0.51,0,0,0.0078
한국투자ACEK반도체TOP2+증권상장지수투자신탁(주식),주식형,2026-06-22,K55101EW2275,0.369,0.001,0.01,0.01,0.39,0.4191,0.01,0.4,0,0,0.0011
한국투자ACEK방산TOP5+증권상장지수투자신탁(주식),주식형,2026-07-06,K55101EW2283,0.429,0.001,0.01,0.01,0.45,0.4191,0.01,0.46,0,0,0.0011
한국투자ACEK수출핵심TOP10산업액티브증권상장지수투자신탁(주식),주식형,2026-03-30,K55101ES8039,0.479,0.001,0.01,0.01,0.5,0.4191,0.05,0.55,0,0,0.0939
한국투자ACEK휴머노이드로봇산업TOP2+증권상장지수투자신탁(주식),주식형,2026-04-06,K55101EU0214,0.429,0.001,0.01,0.01,0.45,0.4191,0.03,0.48,0,0,0.0137
한국투자ACEMSCI멕시코증권상장지수투자신탁(주식-파생형)(합성),주식파생형,2018-03-06,K55101C31949,0.44,0.02,0.02,0.02,0.5,0.3342,0.07,0.57,0,0,0.015
한국투자ACEMSCI인도네시아증권상장지수투자신탁(주식-파생형)(합성),주식파생형,2016-10-27,K55101BI4108,0.62,0.02,0.03,0.03,0.7,0.3342,0.09,0.79,0,0,0.0081
한국투자ACEMSCI필리핀증권상장지수투자신탁(주식-파생형)(합성),주식파생형,2016-12-23,K55101BJ5096,0.42,0.02,0.03,0.03,0.5,0.3342,0.18,0.68,0,0,0.0137
한국투자ACESK하이닉스단일종목레버리지증권상장지수투자신탁(주식-파생형),주식파생형,2026-05-22,K55101EV7101,0.0791,0.001,0.005,0.005,0.0901,0.3342,0.02,0.11,0,0,0.468
한국투자ACE고배당주Plus커버드콜액티브증권상장지수투자신탁(주식-파생형),주식파생형,2026-06-01,K55101EV6285,0.369,0.001,0.02,0.01,0.4,0.3342,0.01,0.41,0,0,0.0422
한국투자ACE고배당주증권상장지수투자신탁(주식),주식형,2025-12-15,K55101EQ7660,0.129,0.001,0.01,0.01,0.15,0.4191,0.04,0.19,0,0,0.0539
한국투자ACE골드선물레버리지특별자산상장지수투자신탁(금-파생형)(합성H),특별자산파생,2015-07-20,K55101B44423,0.35,0.07,0.03,0.04,0.49,0.3342,0.1,0.59,0,0,0.0182
한국투자ACE구글밸류체인액티브증권상장지수투자신탁(주식),주식형,2024-06-10,K55101EB6099,0.42,0.01,0.01,0.01,0.45,0.4191,0.08,0.53,0,0,0.298
한국투자ACE국고채10년증권상장지수투자신탁(채권),채권형,2020-10-13,K55101D95314,0.001,0.001,0.01,0.008,0.02,0.1248,0.03,0.05,0,0,0.008
한국투자ACE국고채증권상장지수투자신탁(채권),채권형,2009-07-30,KR5101148215,0.075,0.05,0.01,0.015,0.15,0.1248,0.04,0.19,0,0,0.0016
한국투자ACE글로벌AI맞춤형반도체증권상장지수투자신탁(주식),주식형,2024-10-18,K55101EE6187,0.41,0.01,0.02,0.01,0.45,0.4191,0.14,0.59,0,0,0.2142
한국투자ACE글로벌반도체TOP4Plus증권상장지수투자신탁(주식),주식형,2022-11-14,K55101DY2753,0.39,0.02,0.02,0.02,0.45,0.4191,0.05,0.5,0,0,0.113
한국투자ACE글로벌브랜드TOP10증권상장지수투자신탁(주식),주식형,2022-06-27,K55101DU3912,0.45,0.02,0.01,0.02,0.5,0.4191,0.23,0.73,0,0,0.0532
한국투자ACE글로벌빅파마증권상장지수투자신탁(주식),주식형,2024-11-15,K55101EF6160,0.26,0.01,0.02,0.01,0.3,0.4191,0.26,0.56,0,0,0.0331
한국투자ACE글로벌인컴TOP10증권상장지수투자신탁[혼합-재간접형],재간접형,2023-07-07,K55101E30004,0.21,0.01,0.01,0.01,0.24,0.7055,0.07,0.31,0,0,0.1452
한국투자ACE글로벌자율주행액티브증권상장지수투자신탁(주식),주식형,2022-02-14,K55101DP1319,0.23,0.02,0.02,0.02,0.29,0.4191,0.15,0.44,0,0,0.2816
한국투자ACE단기자금증권상장지수투자신탁(채권),채권형,2013-12-19,KR5101AN3254,0.04,0.01,0.01,0.01,0.07,0.1248,0.02,0.09,0,0,0.0073
한국투자ACE단기채권알파액티브증권상장지수투자신탁(채권),채권형,2022-08-22,K55101DW2771,0.12,0.01,0.01,0.01,0.15,0.1248,0.02,0.17,0,0,0.0256
한국투자ACE라이프자산주주가치액티브증권상장지수투자신탁(주식),주식형,2024-10-14,K55101EE7904,0.465,0.01,0.015,0.01,0.5,0.4191,0.06,0.56,0,0,0.1616
한국투자ACE러시아MSCI증권상장지수투자신탁(주식-파생형)(합성),주식파생형,2017-03-16,K55101BM2890,0.0001,0.0001,0.0001,0.0001,0.0004,0.3342,1.03,1.03,0,0,0
한국투자ACE레버리지증권상장지수투자신탁(주식-파생형),주식파생형,2012-01-25,KR5101A62068,0.245,0.01,0.02,0.025,0.3,0.3342,0.02,0.32,0,0,0.3072
한국투자ACE리츠부동산인프라액티브부동산상장지수투자신탁(재간접형),부동산,2026-01-19,K55101EP9774,0.039,0.001,0.01,0.01,0.06,0.5799,0.05,0.11,0,0,0.0117
한국투자ACE마이크로소프트밸류체인액티브증권상장지수투자신탁(주식),주식형,2024-06-10,K55101EB6081,0.42,0.01,0.01,0.01,0.45,0.4191,0.21,0.66,0,0,0.4517
한국투자ACE머니마켓액티브증권상장지수투자신탁(채권),채권형,2024-07-05,K55101EC8482,0.04,0.002,0.005,0.003,0.05,0.1248,0.02,0.07,0,0,0.0234
한국투자ACE미국10년국채액티브증권상장지수투자신탁(채권),채권형,2025-07-18,K55101EL9166,0.11,0.01,0.02,0.01,0.15,0.1248,0.05,0.2,0,0,0.0155
한국투자ACE미국10년국채액티브증권상장지수투자신탁[채권](H),채권형,2025-07-18,K55101EL9174,0.11,0.01,0.02,0.01,0.15,0.1248,0.07,0.22,0,0,0.0232
한국투자ACE미국30년국채선물레버리지증권상장지수투자신탁(채권-파생형)(합성H),채권파생형,2023-02-02,K55101DZ9039,0.22,0.01,0.01,0.01,0.25,0.3342,0.07,0.32,0,0,0.0091
한국투자ACE미국30년국채액티브증권상장지수투자신탁[채권],채권형,2024-03-08,K55101E91865,0.035,0.005,0.005,0.005,0.05,0.1248,0.07,0.12,0,0,0.0114
한국투자ACE미국30년국채액티브증권상장지수투자신탁[채권](H),채권형,2023-03-10,K55101E03860,0.035,0.005,0.005,0.005,0.05,0.1248,0.07,0.12,0,0,0.0121
한국투자ACE미국30년국채엔화노출액티브증권상장지수투자신탁[채권](H),채권형,2024-03-08,K55101E91790,0.135,0.005,0.005,0.005,0.15,0.1248,0.09,0.24,0,0,0.0215
한국투자ACE미국500데일리타겟커버드콜증권상장지수투자신탁(주식-파생형)(합성),주식파생형,2024-04-18,K55101E97755,0.42,0.01,0.01,0.01,0.45,0.3342,0.07,0.52,0,0,0.0191
한국투자ACE미국AI테크핵심산업액티브증권상장지수투자신탁(주식),주식형,2025-10-24,K55101EO4453,0.419,0.001,0.02,0.01,0.45,0.4191,0.08,0.53,0,0,0.6052
한국투자ACE미국IT인터넷증권상장지수투자신탁(주식-파생형)(합성H),주식파생형,2017-10-12,K55101BW5925,0.44,0.02,0.02,0.02,0.5,0.3342,0.11,0.61,0,0,0.0151
한국투자ACE미국S&P500미국채혼합50액티브증권상장지수투자신탁(채권혼합),혼합채권형,2022-08-25,K55101DU8887,0.12,0.01,0.01,0.01,0.15,0.4671,0.07,0.22,0,0,0.0228
한국투자ACE미국S&P500증권상장지수투자신탁(주식),주식형,2020-08-04,K55101D78195,0.0001,0.0001,0.0035,0.001,0.0047,0.4191,0.06,0.07,0,0,0.0253
한국투자ACE미국SMR원자력TOP10증권상장지수투자신탁(주식),주식형,2026-01-30,K55101ER4245,0.409,0.001,0.02,0.02,0.45,0.4191,0.06,0.51,0,0,0.1701
한국투자ACE미국SOFR금리특별자산상장지수투자신탁[금리-파생형](합성),특별자산파생,2023-04-21,K55101E19692,0.035,0.005,0.005,0.005,0.05,0.3342,0.03,0.08,0,0,0
한국투자ACE미국WideMoat동일가중증권상장지수투자신탁(주식),주식형,2018-10-23,K55101CF3110,0.32,0.04,0.02,0.02,0.4,0.4191,0.15,0.55,0,0,0.1726
한국투자ACE미국나스닥100미국채혼합50액티브증권상장지수투자신탁(채권혼합),혼합채권형,2022-08-25,K55101DU8879,0.12,0.01,0.01,0.01,0.15,0.4671,0.1,0.25,0,0,0.0252
한국투자ACE미국나스닥100증권상장지수투자신탁(주식),주식형,2020-10-26,K55101DB1182,0.0001,0.0001,0.005,0.001,0.0062,0.4191,0.09,0.1,0,0,0.0365
한국투자ACE미국달러단기채권액티브증권상장지수투자신탁(채권),채권형,2022-08-22,K55101DW3258,0.25,0.02,0.01,0.02,0.3,0.1248,0.16,0.46,0,0,0
한국투자ACE미국대형가치주액티브증권상장지수투자신탁(주식),주식형,2025-11-07,K55101EP9626,0.279,0.001,0.01,0.01,0.3,0.4191,0.2,0.5,0,0,0.2463
한국투자ACE미국대형성장주액티브증권상장지수투자신탁(주식),주식형,2025-11-07,K55101EP9634,0.279,0.001,0.01,0.01,0.3,0.4191,0.04,0.34,0,0,0.2193
한국투자ACE미국반도체데일리타겟커버드콜증권상장지수투자신탁(주식-파생형)(합성),주식파생형,2024-04-18,K55101E96450,0.42,0.01,0.01,0.01,0.45,0.3342,0.07,0.52,0,0,0.0207
한국투자ACE미국배당다우존스증권상장지수투자신탁(주식),주식형,2021-10-19,K55101DN4471,0.0005,0.0005,0.005,0.004,0.01,0.4191,0.06,0.07,0,0,0.0781
한국투자ACE미국배당퀄리티+커버드콜액티브증권상장지수투자신탁(주식-재간접형),재간접형,2025-05-09,K55101EK7344,0.12,0.005,0.02,0.005,0.15,0.7055,0.27,0.42,0,0,0.1123
한국투자ACE미국배당퀄리티증권상장지수투자신탁(주식),주식형,2025-05-09,K55101EK7278,0.12,0.005,0.02,0.005,0.15,0.4191,0.17,0.32,0,0,0.0957
한국투자ACE미국배당퀄리티채권혼합50증권상장지수투자신탁(채권혼합),혼합채권형,2025-05-09,K55101EK7294,0.12,0.005,0.02,0.005,0.15,0.4671,0.28,0.43,0,0,0.069
한국투자ACE미국부동산리츠부동산상장지수투자신탁(파생형)(합성 H),부동산파생형,2013-07-30,KR5101AJ9786,0.2,0.045,0.025,0.03,0.3,0.3342,0.13,0.43,0,0,0.0105
한국투자ACE미국빅테크7+데일리타겟커버드콜증권상장지수투자신탁(주식-파생형)(합성),주식파생형,2024-04-18,K55101E97763,0.42,0.01,0.01,0.01,0.45,0.3342,0.07,0.52,0,0,0.0184
한국투자ACE미국빅테크TOP7Plus레버리지증권상장지수투자신탁(주식-파생형)(합성),주식파생형,2023-09-07,K55101E52487,0.55,0.01,0.02,0.02,0.6,0.3342,0.06,0.66,0,0,0.0124
한국투자ACE미국빅테크TOP7Plus인버스증권상장지수투자신탁(주식-파생형)(합성),주식파생형,2023-09-07,K55101E52495,0.55,0.01,0.02,0.02,0.6,0.3342,0.18,0.78,0,0,0.0161
한국투자ACE미국빅테크TOP7Plus증권상장지수투자신탁(주식),주식형,2023-09-07,K55101E52479,0.27,0.01,0.01,0.01,0.3,0.4191,0.06,0.36,0,0,0.0864
한국투자ACE미국우주테크액티브증권상장지수투자신탁(주식),주식형,2026-04-10,K55101ET7451,0.769,0.001,0.02,0.01,0.8,0.4191,0.03,0.83,0,0,0.2488
한국투자ACE미국주식베스트셀러증권상장지수투자신탁(주식),주식형,2023-12-26,K55101E54012,0.27,0.01,0.01,0.01,0.3,0.4191,0.04,0.34,0,0,0.5775
한국투자ACE미국중심중소형제조업증권상장지수투자신탁(주식),주식형,2025-01-17,K55101EH5038,0.4,0.01,0.02,0.02,0.45,0.4191,0.17,0.62,0,0,0.1229
한국투자ACE미국친환경그린테마증권상장지수투자신탁(주식),주식형,2021-07-30,K55101DK6651,0.64,0.02,0.02,0.02,0.7,0.4191,0.4,1.1,0,0,0.1061
한국투자ACE미국하이일드액티브증권상장지수투자신탁[채권-재간접형](H),재간접형,2023-04-14,K55101E13018,0.21,0.01,0.01,0.01,0.24,0.7055,0.08,0.32,0,0,0.0396
한국투자ACE반도체Plus전략산업증권상장지수투자신탁(주식),주식형,2026-08-10,K55101EY1762,0.379,0.001,0.01,0.01,0.4,0.4191,0.01,0.41,0,0,0.0004
한국투자ACE베트남VN30증권상장지수투자신탁(주식-파생형)(합성),주식파생형,2016-06-28,K55101BE0852,0.62,0.02,0.03,0.03,0.7,0.3342,0.07,0.77,0,0,0.0045
한국투자ACE삼성그룹주SW 증권상장지수투자신탁(주식),주식형,2009-01-23,KR5101897761,0.095,0.01,0.02,0.025,0.15,0.4191,0.05,0.2,0,0,0.0342
한국투자ACE삼성그룹주동일가중증권상장지수투자신탁(주식),주식형,2010-09-16,KR5101299273,0.095,0.01,0.02,0.025,0.15,0.4191,0.05,0.2,0,0,0.0739
한국투자ACE삼성전자SK하이닉스플러스채권혼합50증권상장지수투자신탁(채권혼합),혼합채권형,2026-08-24,K55101EY7603,0.049,0.001,0.01,0.01,0.07,0.4671,0,0.07,0,0,0
한국투자ACE삼성전자단일종목레버리지증권상장지수투자신탁(주식-파생형),주식파생형,2026-05-22,K55101EV7093,0.0791,0.001,0.005,0.005,0.0901,0.3342,0.02,0.11,0,0,0.455
한국투자ACE성장소비주도주증권상장지수투자신탁(주식),주식형,2015-08-11,K55101B54539,0.34,0.1,0.03,0.03,0.5,0.4191,0.13,0.63,0,0,0.0259
한국투자ACE싱가포르리츠부동산상장지수투자신탁(재간접형),부동산,2019-01-24,K55101CG5254,0.32,0.04,0.02,0.02,0.4,0.5799,0.6,1,0,0,0.0192
한국투자ACE아시아TOP50증권상장지수투자신탁(주식),주식형,2017-08-18,K55101BU2759,0.64,0.02,0.02,0.02,0.7,0.4191,0.3,1,0,0,0.0653
한국투자ACE엔비디아밸류체인액티브증권상장지수투자신탁(주식),주식형,2024-06-10,K55101EB6172,0.42,0.01,0.01,0.01,0.45,0.4191,0.09,0.54,0,0,0.3638
한국투자ACE엔비디아채권혼합증권상장지수투자신탁(채권혼합),혼합채권형,2022-11-28,K55101DY6929,0.04,0.01,0.01,0.01,0.07,0.4671,0.06,0.13,0,0,0.0194
한국투자ACE우량회사채(AA-이상)액티브증권상장지수투자신탁(채권),채권형,2025-09-08,K55101EN6525,0.08,0.005,0.005,0.005,0.095,0.1248,0.02,0.12,0,0,0.0265
한국투자ACE원자력TOP10증권상장지수투자신탁(주식),주식형,2022-06-27,K55101DU0363,0.26,0.01,0.015,0.015,0.3,0.4191,0.05,0.35,0,0,0.0784
한국투자ACE유럽방산TOP10증권상장지수투자신탁(주식),주식형,2025-09-19,K55101EN6293,0.31,0.005,0.02,0.015,0.35,0.4191,0.22,0.57,0,0,0.2392
한국투자ACE인도시장대표Big5그룹액티브증권상장지수투자신탁(주식),주식형,2024-09-06,K55101EC1768,0.41,0.01,0.02,0.01,0.45,0.4191,0.4,0.85,0,0,0.0986
한국투자ACE인도컨슈머파워액티브증권상장지수투자신탁(주식),주식형,2024-09-06,K55101EB6453,0.41,0.01,0.02,0.01,0.45,0.4191,0.23,0.68,0,0,0.2527
한국투자ACE인버스증권상장지수투자신탁(주식-파생형),주식파생형,2011-09-07,KR5101A59767,0.095,0.01,0.02,0.025,0.15,0.3342,0.09,0.24,0,0,0.3644
한국투자ACE일라이릴리밸류체인증권상장지수투자신탁(주식),주식형,2024-11-15,K55101EG1343,0.41,0.01,0.02,0.01,0.45,0.4191,0.35,0.8,0,0,0.0729
한국투자ACE일본Nikkei225증권상장지수투자신탁(주식-파생형)(H),주식파생형,2016-02-26,K55101BA8230,0.23,0.02,0.02,0.03,0.3,0.3342,0.14,0.44,0,0,0.1075
한국투자ACE일본레버리지증권상장지수투자신탁(주식-재간접파생형)(H),재간접파생형,2014-06-11,KR5101AR9802,0.36,0.07,0.03,0.04,0.5,0.3342,0.09,0.59,0,0,0.0467
한국투자ACE일본반도체증권상장지수투자신탁(주식),주식형,2023-10-13,K55101E66032,0.39,0.02,0.02,0.02,0.45,0.4191,0.21,0.66,0,0,0.1827
한국투자ACE일본인버스증권상장지수투자신탁(주식-파생형)(합성H),주식파생형,2014-09-22,KR5101AV1027,0.36,0.07,0.03,0.04,0.5,0.3342,0.23,0.73,0,0,0
한국투자ACE종합채권(AA-이상)액티브증권상장지수투자신탁(채권),채권형,2020-07-15,K55101D34156,0.009,0.001,0.005,0.005,0.02,0.1248,0.02,0.04,0,0,0.0116
한국투자ACE주주환원가치주액티브증권상장지수투자신탁(주식),주식형,2022-11-14,K55101DY4338,0.65,0.02,0.015,0.015,0.7,0.4191,0.06,0.76,0,0,0.054
한국투자ACE중국과창판STAR50증권상장지수투자신탁(주식),주식형,2022-01-07,K55101DP7530,0.44,0.02,0.03,0.01,0.5,0.4191,0.35,0.85,0,0,0.2041
한국투자ACE중국본토CSI300증권자상장지수투자신탁(주식-파생형),주식파생형,2012-11-21,KR5101AD5756,0.585,0.05,0.03,0.035,0.7,0.3342,0.1,0.8,0,0,0.0442
한국투자ACE중국본토레버리지CSI300증권상장지수투자신탁(주식혼합-파생형)(합성),혼합주식파생형,2015-05-20,K55101B26297,0.36,0.07,0.03,0.04,0.5,0.3342,0.1,0.6,0,0,0.1758
한국투자ACE중장기국공채액티브증권상장지수투자신탁(채권),채권형,2017-06-23,K55101BQ9602,0.05,0.01,0.01,0.01,0.08,0.1248,0.02,0.1,0,0,0.0135
한국투자ACE차이나AI빅테크TOP2+액티브증권상장지수투자신탁(주식),주식형,2025-07-25,K55101EM0842,0.405,0.01,0.025,0.01,0.45,0.4191,0.54,0.99,0,0,0.4276
한국투자ACE차이나항셍테크증권상장지수투자신탁(주식),주식형,2020-12-11,K55101DC5406,0.2,0.01,0.02,0.02,0.25,0.4191,0.3,0.55,0,0,0.0768
한국투자ACE코리아AI전력TOP10증권상장지수투자신탁(주식),주식형,2026-06-22,K55101EU2731,0.369,0.001,0.01,0.01,0.39,0.4191,0.01,0.4,0,0,0.0053
한국투자ACE코리아AI테크핵심산업증권상장지수투자신탁(주식),주식형,2021-04-01,K55101DH2341,0.31,0.01,0.02,0.01,0.35,0.4191,0.08,0.43,0,0,0.1234
한국투자ACE코리아밸류업증권상장지수투자신탁(주식),주식형,2024-11-01,K55101EF9826,0.075,0.005,0.005,0.005,0.09,0.4191,0.08,0.17,0,0,0.0728
한국투자ACE코스닥150증권상장지수투자신탁(주식),주식형,2020-05-06,K55101D41516,0.001,0.001,0.01,0.008,0.02,0.4191,0.04,0.06,0,0,0.0157
한국투자ACE코스피증권상장지수투자신탁(주식),주식형,2018-10-04,K55101CC3048,0.001,0.001,0.01,0.008,0.02,0.4191,0.03,0.05,0,0,0.0102
한국투자ACE테슬라밸류체인액티브증권상장지수투자신탁(주식),주식형,2023-05-15,K55101E19387,0.26,0.01,0.01,0.01,0.29,0.4191,0.08,0.37,0,0,0.1844
한국투자ACE포스코그룹포커스증권상장지수투자신탁(주식),주식형,2023-10-16,K55101E67568,0.27,0.01,0.01,0.01,0.3,0.4191,0.06,0.36,0,0,0.0274
한화PLUS200TotalReturn증권상장지수투자신탁(주식),주식형,2024-09-09,K55213EE1753,0.0005,0.0005,0.005,0.004,0.01,0.4191,0.04,0.05,0,0,0.0436
한화PLUS200선물레버리지증권상장지수투자신탁(주식-파생형),주식파생형,2016-09-27,K55213BH1688,0.015,0.005,0.02,0.02,0.06,0.3342,0.03,0.09,0,0,0.3262
한화PLUS200선물인버스2X증권상장지수투자신탁(주식-파생형),주식파생형,2016-09-20,K55213BH1662,0.015,0.005,0.02,0.02,0.06,0.3342,0.22,0.28,0,0,0.9072
한화PLUS200위클리커버드콜채권혼합증권상장지수투자신탁(채권혼합-파생형),혼합채권파생형,2026-06-01,K55213EL4469,0.354,0.001,0.02,0.015,0.39,0.3342,0.04,0.43,0,0,0.0614
한화PLUS200증권상장지수투자신탁(주식),주식형,2012-01-09,KR5213A73001,0.001,0.001,0.01,0.005,0.017,0.4191,0.02,0.04,0,0,0.0447
한화PLUS200커버드콜액티브증권상장지수투자신탁(주식-파생형),주식파생형,2026-06-22,K55213EW5851,0.45,0.001,0.02,0.02,0.491,0.3342,0.01,0.5,0,0,0.1021
한화PLUSESG가치주액티브증권상장지수투자신탁(주식),주식형,2021-07-29,K55213DK8967,0.08,0.005,0.01,0.01,0.105,0.4191,0.05,0.16,0,0,0.1629
한화PLUSESG성장주액티브증권상장지수투자신탁(주식),주식형,2021-07-29,K55213DK8959,0.08,0.005,0.01,0.01,0.105,0.4191,0.04,0.14,0,0,0.1509
한화PLUSKOFR금리특별자산상장지수투자신탁(금리),특별자산,2023-03-10,K55213E07260,0.039,0.001,0.005,0.005,0.05,0.5335,0.01,0.06,0,0,0.0335
한화PLUSK리츠부동산상장지수투자신탁(재간접형),부동산,2022-05-23,K55213DT8232,0.225,0.005,0.01,0.01,0.25,0.5799,0.08,0.33,0,0,0.023
한화PLUSK방산레버리지증권상장지수투자신탁(주식-파생형),주식파생형,2025-09-29,K55213EO3567,0.459,0.001,0.02,0.02,0.5,0.3342,0.07,0.57,0,0,1.3935
한화PLUSK방산소부장증권상장지수투자신탁(주식),주식형,2025-08-25,K55213EM5713,0.409,0.001,0.02,0.02,0.45,0.4191,0.07,0.52,0,0,0.0849
한화PLUSK방산증권상장지수투자신탁(주식),주식형,2023-01-04,K55213DZ4142,0.405,0.005,0.02,0.02,0.45,0.4191,0.06,0.51,0,0,0.0339
한화PLUSK제조업핵심기업액티브증권상장지수투자신탁(주식),주식형,2026-03-23,K55213ES1773,0.589,0.001,0.02,0.02,0.63,0.4191,0.03,0.66,0,0,0.3182
한화PLUSS&P500증권상장지수투자신탁(주식)(H),주식형,2017-05-11,K55213BO8445,0.0001,0.0001,0.005,0.001,0.0062,0.4191,0.09,0.09,0,0,0.1422
한화PLUSS&P글로벌인프라증권상장지수투자신탁(주식),주식형,2017-05-10,K55213BO6514,0.215,0.02,0.04,0.025,0.3,0.4191,2.12,2.42,0,0,0.0702
한화PLUSSK하이닉스샌디스크채권혼합50증권상장지수투자신탁(채권혼합),혼합채권형,2026-07-31,K55213EW8111,0.224,0.001,0.015,0.01,0.25,0.4671,0.01,0.26,0,0,0.0894
한화PLUS고배당저변동50증권상장지수투자신탁(주식),주식형,2016-08-10,K55213BG0087,0.17,0.02,0.02,0.02,0.23,0.4191,0.06,0.29,0,0,0.0961
한화PLUS고배당주위클리고정커버드콜증권상장지수투자신탁(주식-파생형),주식파생형,2025-03-04,K55213EH5827,0.259,0.001,0.02,0.02,0.3,0.3342,0.07,0.37,0,0,0.2258
한화PLUS고배당주위클리커버드콜증권상장지수투자신탁(주식-파생형),주식파생형,2024-08-12,K55213ED8726,0.259,0.001,0.02,0.02,0.3,0.3342,0.07,0.37,0,0,0.4543
한화PLUS고배당주증권상장지수투자신탁(주식),주식형,2012-08-28,KR5213AC3237,0.19,0.01,0.02,0.01,0.23,0.4191,0.05,0.28,0,0,0.0643
한화PLUS고배당주채권혼합증권상장지수투자신탁(채권혼합-파생형),혼합채권파생형,2016-08-10,K55213BG0095,0.14,0.02,0.02,0.02,0.2,0.3342,0.05,0.25,0,0,0.234
한화PLUS국고채10년액티브증권상장지수투자신탁(채권),채권형,2023-07-14,K55213E35667,0.034,0.001,0.005,0.005,0.045,0.1248,0.02,0.07,0,0,0.0067
한화PLUS국고채30년액티브증권상장지수투자신탁(채권),채권형,2023-02-03,K55213E00166,0.039,0.001,0.005,0.005,0.05,0.1248,0.03,0.08,0,0,0.0025
한화PLUS국공채머니마켓액티브증권상장지수투자신탁(채권),채권형,2024-09-06,K55213EE1068,0.039,0.001,0.005,0.005,0.05,0.1248,0.02,0.07,0,0,0.0109
한화PLUS국채선물10년증권상장지수투자신탁(채권-파생형),채권파생형,2018-02-05,K55213C26454,0.029,0.001,0.01,0.01,0.05,0.3342,0.05,0.1,0,0,0.0472
한화PLUS국채선물3년증권상장지수투자신탁(채권-파생형),채권파생형,2018-06-07,K55213C88959,0.07,0.01,0.01,0.01,0.1,0.3342,0.03,0.13,0,0,0.0538
한화PLUS글로벌HBM반도체증권상장지수투자신탁(주식),주식형,2022-09-20,K55213DW6843,0.46,0.005,0.01,0.025,0.5,0.4191,0.07,0.57,0,0,0.3858
한화PLUS글로벌MSCI증권상장지수투자신탁(주식-파생형)(합성H),주식파생형,2013-12-06,KR5213AL1578,0.305,0.045,0.025,0.025,0.4,0.3342,0.08,0.48,0,0,0.0003
한화PLUS글로벌방산증권상장지수투자신탁(주식),주식형,2024-11-08,K55213EF7411,0.399,0.001,0.03,0.02,0.45,0.4191,0.11,0.56,0,0,0.2077
한화PLUS글로벌수소&차세대연료전지증권상장지수투자신탁(주식),주식형,2022-02-11,K55213DQ0364,0.455,0.005,0.02,0.02,0.5,0.4191,0.31,0.81,0,0,0.2069
한화PLUS글로벌원자력밸류체인증권상장지수투자신탁(주식형),주식형,2025-01-10,K55213EG9010,0.339,0.001,0.03,0.02,0.39,0.4191,0.1,0.49,0,0,0.1465
한화PLUS글로벌저작권핵심기업액티브증권상장지수투자신탁(주식),주식형,2026-03-27,K55213ER7714,0.399,0.001,0.03,0.02,0.45,0.4191,0.09,0.54,0,0,0.0973
한화PLUS글로벌휴머노이드로봇액티브증권상장지수투자신탁(주식),주식형,2025-04-11,K55213EJ0693,0.369,0.001,0.06,0.02,0.45,0.4191,0.13,0.58,0,0,0.3126
한화PLUS글로벌희토류&전략자원생산기업증권상장지수투자신탁(주식),주식형,2022-01-14,K55213DH4276,0.455,0.005,0.02,0.02,0.5,0.4191,0.15,0.65,0,0,0.2782
한화PLUS금채권혼합증권상장지수투자신탁(채권혼합-재간접형),재간접형,2025-12-12,K55213EQ4548,0.119,0.001,0.02,0.01,0.15,0.7055,0.05,0.2,0,0,0.1972
한화PLUS단기채권액티브증권상장지수투자신탁(채권),채권형,2017-09-25,K55213BW6233,0.045,0.01,0.01,0.005,0.07,0.1248,0.03,0.1,0,0,0.0024
한화PLUS머니마켓액티브증권상장지수투자신탁(채권),채권형,2024-03-22,K55213E90027,0.039,0.001,0.005,0.005,0.05,0.1248,0.02,0.07,0,0,0.0049
한화PLUS미국AI에이전트증권상장지수투자신탁(주식형),주식형,2025-05-16,K55213EJ2715,0.399,0.001,0.03,0.02,0.45,0.4191,0.17,0.62,0,0,0.1125
한화PLUS미국S&P500미국채혼합50액티브증권상장지수투자신탁(채권혼합-재간접형),재간접형,2025-06-05,K55213EK8776,0.124,0.001,0.015,0.01,0.15,0.7055,0.07,0.22,0,0,0.1049
한화PLUS미국S&P500성장주증권상장지수투자신탁(주식),주식형,2024-10-18,K55213EF0978,0.0001,0.0001,0.005,0.001,0.0062,0.4191,0.1,0.11,0,0,0.0461
한화PLUS미국S&P500증권상장지수투자신탁(주식),주식형,2022-05-27,K55213DS7136,0.0001,0.0001,0.005,0.001,0.0062,0.4191,0.12,0.12,0,0,0.1083
한화PLUS미국고배당주액티브증권상장지수투자신탁(주식),주식형,2026-01-23,K55213ER2335,0.194,0.001,0.025,0.01,0.23,0.4191,0.1,0.33,0,0,0.2736
한화PLUS미국나스닥100미국채혼합50증권상장지수투자신탁(채권혼합),혼합채권형,2025-08-14,K55213EM5556,0.124,0.001,0.015,0.01,0.15,0.4671,0.18,0.33,0,0,0.1384
한화PLUS미국나스닥테크증권상장지수투자신탁(주식),주식형,2017-12-12,K55213C03586,0.415,0.02,0.04,0.025,0.5,0.4191,0.1,0.6,0,0,0.0986
한화PLUS미국다우존스고배당주증권상장지수투자신탁(주식-파생형)(합성H),주식파생형,2015-01-23,KR5213AY7810,0.305,0.045,0.025,0.025,0.4,0.3342,0.08,0.48,0,0,0
한화PLUS미국단기회사채(AAA~A)증권상장지수투자신탁(채권),채권형,2019-08-16,K55213CS6311,0.25,0.02,0.025,0.02,0.315,0.1248,0.08,0.4,0,0,0
한화PLUS미국달러SOFR금리액티브특별자산상장지수투자신탁(금리-파생형)(합성),특별자산파생,2023-05-04,K55213E23085,0.074,0.001,0.01,0.005,0.09,0.3342,0.1,0.19,0,0,0.0001
한화PLUS미국로보택시증권상장지수투자신탁(주식),주식형,2025-07-18,K55213EL7496,0.439,0.001,0.025,0.025,0.49,0.4191,0.21,0.7,0,0,0.1305
한화PLUS미국배당증가성장주데일리커버드콜증권상장지수투자신탁(주식-파생형),주식파생형,2024-10-18,K55213EF1380,0.349,0.001,0.02,0.02,0.39,0.3342,0.12,0.51,0,0,0.2607
한화PLUS미국양자컴퓨팅TOP10증권상장지수투자신탁(주식),주식형,2025-03-07,K55213EI2682,0.389,0.001,0.04,0.02,0.45,0.4191,0.12,0.57,0,0,0.2454
한화PLUS미국장기우량회사채증권상장지수투자신탁(채권),채권형,2019-08-16,K55213CS6329,0.25,0.02,0.025,0.02,0.315,0.1248,0.08,0.4,0,0,0
한화PLUS미국채30년액티브증권상장지수투자신탁(채권),채권형,2023-08-18,K55213E52282,0.12,0.01,0.01,0.01,0.15,0.1248,0.08,0.23,0,0,0.0215
한화PLUS미국테크TOP10레버리지증권상장지수투자신탁(주식혼합-파생형)(합성),혼합주식파생형,2023-07-14,K55213E31542,0.45,0.01,0.02,0.02,0.5,0.3342,0.08,0.58,0,0,0.0217
한화PLUS미국테크TOP10증권상장지수투자신탁(주식),주식형,2023-07-14,K55213E31534,0.0005,0.0005,0.005,0.004,0.01,0.4191,0.1,0.11,0,0,0.0599
한화PLUS삼성전자단일종목레버리지증권상장지수투자신탁(주식-파생형),주식파생형,2026-05-26,K55213EV7817,0.0741,0.001,0.01,0.005,0.0901,0.3342,0.02,0.11,0,0,0.4211
한화PLUS삼성전자선물단일종목인버스2X증권상장지수투자신탁(주식-파생형),주식파생형,2026-05-26,K55213EV7429,0.474,0.001,0.01,0.005,0.49,0.3342,0.02,0.51,0,0,0.7857
한화PLUS선진국MSCI증권상장지수투자신탁(주식-파생형)(합성H),주식파생형,2014-05-12,KR5213AR7124,0.405,0.045,0.025,0.025,0.5,0.3342,0.05,0.55,0,0,0
한화PLUS스마트베타Quality채권혼합증권상장지수투자신탁(채권혼합-파생형),혼합채권파생형,2016-02-23,K55213BA6478,0.15,0.02,0.01,0.02,0.2,0.3342,0.12,0.32,0,0,0.2806
한화PLUS신흥국MSCI증권상장지수투자신탁(주식-파생형)(합성H),주식파생형,2014-05-12,KR5213AR7165,0.405,0.045,0.025,0.025,0.5,0.3342,0.06,0.56,0,0,0.0005
한화PLUS심천차이넥스트증권상장지수투자신탁(주식-파생형)(합성),주식파생형,2016-11-07,K55213BI7197,0.405,0.045,0.025,0.025,0.5,0.3342,0.07,0.57,0,0,0
한화PLUS애플채권혼합증권상장지수투자신탁(채권혼합),혼합채권형,2022-11-25,K55213DY4341,0.227,0.005,0.008,0.01,0.25,0.4671,0.1,0.35,0,0,0.0728
한화PLUS우량회사채50증권상장지수투자신탁(채권),채권형,2016-03-21,K55213BB5131,0.085,0.03,0.01,0.01,0.135,0.1248,0.04,0.17,0,0,0.0041
한화PLUS우주항공증권상장지수투자신탁(주식),주식형,2022-03-28,K55213DR8713,0.425,0.005,0.01,0.01,0.45,0.4191,0.06,0.51,0,0,0.0868
한화PLUS은채권혼합증권상장지수투자신탁(채권혼합-재간접형),재간접형,2026-05-08,K55213EU0276,0.119,0.001,0.02,0.01,0.15,0.7055,0.04,0.19,0,0,0.1322
한화PLUS일본반도체소부장증권상장지수투자신탁(주식),주식형,2023-08-29,K55213E52290,0.455,0.005,0.02,0.02,0.5,0.4191,0.21,0.71,0,0,0.0941
한화PLUS일본엔화초단기국채증권상장지수투자신탁(채권-파생형)(합성),채권파생형,2024-08-09,K55213ED2661,0.16,0.01,0.01,0.01,0.19,0.3342,0.03,0.22,0,0,0.0205
한화PLUS자사주매입고배당주증권상장지수투자신탁(주식),주식형,2025-09-15,K55213EM9962,0.274,0.001,0.015,0.01,0.3,0.4191,0.06,0.36,0,0,0.0686
한화PLUS적격TDF2060액티브증권상장지수투자신탁(주식혼합-재간접형),재간접형,2022-06-28,K55213DU6050,0.16,0.005,0.02,0.015,0.2,0.7055,0.11,0.31,0,0,0.1374
한화PLUS종합채권(AA-이상)액티브증권상장지수투자신탁(채권),채권형,2023-01-06,K55213DZ2997,0.034,0.001,0.005,0.005,0.045,0.1248,0.02,0.06,0,0,0.0066
한화PLUS주도업종증권상장지수투자신탁(주식),주식형,2017-10-16,K55213BX8006,0.17,0.01,0.02,0.03,0.23,0.4191,0.07,0.3,0,0,0.1613
한화PLUS중기종합채권(A-이상)액티브증권상장지수투자신탁(채권),채권형,2026-05-08,K55213ES9693,0.049,0.001,0.005,0.005,0.06,0.1248,0.01,0.07,0,0,0.0058
한화PLUS중형주저변동50증권상장지수투자신탁(주식),주식형,2017-03-27,K55213BL2888,0.16,0.02,0.02,0.03,0.23,0.4191,0.09,0.32,0,0,0.1165
한화PLUS차이나AI테크TOP10증권상장지수투자신탁(주식),주식형,2025-05-09,K55213EJ9835,0.439,0.001,0.025,0.025,0.49,0.4191,0.25,0.74,0,0,0.1546
한화PLUS차이나항셍테크위클리타겟커버드콜증권상장지수투자신탁(주식-파생형),주식파생형,2025-11-14,K55213EP1719,0.349,0.001,0.025,0.015,0.39,0.3342,0.25,0.64,0,0,0.513
한화PLUS코리아밸류업증권상장지수투자신탁(주식),주식형,2024-11-01,K55213EF9375,0.0005,0.0005,0.005,0.003,0.009,0.4191,0.04,0.05,0,0,0.1292
한화PLUS코스닥150액티브증권상장지수투자신탁(주식),주식형,2026-03-16,K55213EN8047,0.589,0.001,0.02,0.02,0.63,0.4191,0.01,0.64,0,0,0.2444
한화PLUS코스닥150증권상장지수투자신탁(주식),주식형,2018-07-04,K55213C86268,0.1,0.01,0.02,0.02,0.15,0.4191,0.11,0.26,0,0,0.0382
한화PLUS코스피50증권상장지수투자신탁(주식),주식형,2010-01-06,KR5213185071,0.25,0.04,0.02,0.02,0.33,0.4191,0.02,0.35,0,0,0.0974
한화PLUS코스피TotalReturn증권상장지수투자신탁(주식),주식형,2019-06-24,K55213CQ4342,0.12,0.01,0.01,0.01,0.15,0.4191,0.03,0.18,0,0,0.0203
한화PLUS코스피증권상장지수투자신탁(주식),주식형,2015-09-22,K55213B72955,0.15,0.02,0.01,0.02,0.2,0.4191,0.03,0.23,0,0,0.0083
한화PLUS태양광&ESS증권상장지수투자신탁(주식),주식형,2023-06-19,K55213E13359,0.415,0.005,0.01,0.02,0.45,0.4191,0.06,0.51,0,0,0.1182
한화PLUS테슬라위클리커버드콜채권혼합증권상장지수투자신탁(채권혼합-파생형),혼합채권파생형,2025-12-05,K55213EP3905,0.359,0.001,0.015,0.015,0.39,0.3342,0.07,0.46,0,0,0.19
한화PLUS한화그룹주증권상장지수투자신탁(주식),주식형,2024-12-23,K55213EG3153,0.159,0.001,0.015,0.015,0.19,0.4191,0.06,0.25,0,0,0.0313
현대UNICORNK바이오액티브증권상장지수투자신탁[주식],주식형,2026-05-11,K55373EU5008,0.455,0.02,0.02,0.015,0.51,0.4191,0.04,0.55,0,0,0.0137
현대UNICORNR&D액티브증권상장지수투자신탁[주식],주식형,2022-07-05,K55373DU6130,0.3,0.01,0.03,0.015,0.355,0.4191,0.17,0.52,0,0,0.0203
현대UNICORNSK하이닉스밸류체인액티브증권상장지수투자신탁[주식],주식형,2024-11-06,K55373EF1006,0.445,0.02,0.02,0.015,0.5,0.4191,0.06,0.56,0,0,0.0531
현대UNICORN생성형AI강소기업액티브증권상장지수투자신탁[주식],주식형,2023-11-20,K55373E72456,0.43,0.03,0.02,0.02,0.5,0.4191,0.31,0.81,0,0,0.0575
현대UNICORN포스트IPO액티브증권상장지수투자신탁[주식],주식형,2024-02-26,K55373E91357,0.435,0.03,0.02,0.015,0.5,0.4191,0.22,0.72,0,0,0.0716
흥국HK200증권상장지수투자신탁[주식],주식형,2024-09-09,K55224ED5836,0.031,0.001,0.008,0.01,0.05,0.4191,0.02,0.07,0,0,0.0074
흥국HK26-12회사채(AA-이상)액티브증권상장지수투자신탁[채권],채권형,2024-12-23,K55224EH0304,0.05,0.005,0.005,0.005,0.065,0.1248,0.02,0.08,0,0,0.0012
흥국HKS&P코리아로우볼증권상장지수투자신탁[주식],주식형,2015-03-24,K55224B12636,0.3,0.05,0.02,0.03,0.4,0.4191,0.27,0.67,0,0,0.1018
흥국HK머니마켓액티브증권상장지수투자신탁[채권],채권형,2025-09-29,K55224EO8480,0.034,0.001,0.005,0.005,0.045,0.1248,0.02,0.07,0,0,0.0024
흥국HK베스트일레븐액티브증권상장지수투자신탁[주식],주식형,2021-07-05,K55224DK4104,0.25,0.01,0.02,0.02,0.3,0.4191,0.04,0.34,0,0,0.4256
흥국HK종합채권(AA-이상)액티브증권상장지수투자신탁[채권],채권형,2023-11-27,K55224E73350,0.025,0.001,0.005,0.005,0.036,0.1248,0.02,0.05,0,0,0.002
